timestamp,device_id,site,sensor_type,value,unit,anomaly
2026-09-08T00:00:00Z,sm-001,metro-core,air_quality,15.7,ug/m3,
2026-09-08T00:00:00Z,sm-002,metro-core,temperature,18.8,C,
2026-09-08T00:00:00Z,sm-003,metro-core,noise,43.8,dB,
2026-09-08T00:00:00Z,sm-004,riverside-park,air_quality,9.0,ug/m3,
2026-09-08T00:00:00Z,sm-005,riverside-park,temperature,16.5,C,
2026-09-08T00:00:00Z,sm-006,riverside-park,noise,65.2,dB,spike
2026-09-08T00:00:00Z,sm-007,north-industrial,air_quality,24.8,ug/m3,
2026-09-08T00:00:00Z,sm-008,north-industrial,temperature,18.9,C,
2026-09-08T00:00:00Z,sm-009,north-industrial,noise,42.5,dB,
2026-09-08T00:10:00Z,sm-001,metro-core,air_quality,14.1,ug/m3,
2026-09-08T00:10:00Z,sm-002,metro-core,temperature,18.3,C,
2026-09-08T00:10:00Z,sm-003,metro-core,noise,42.3,dB,
2026-09-08T00:10:00Z,sm-004,riverside-park,air_quality,8.3,ug/m3,
2026-09-08T00:10:00Z,sm-005,riverside-park,temperature,15.9,C,
2026-09-08T00:10:00Z,sm-006,riverside-park,noise,37.5,dB,
2026-09-08T00:10:00Z,sm-007,north-industrial,air_quality,29.2,ug/m3,
2026-09-08T00:10:00Z,sm-008,north-industrial,temperature,18.4,C,
2026-09-08T00:10:00Z,sm-009,north-industrial,noise,40.7,dB,
2026-09-08T00:20:00Z,sm-001,metro-core,air_quality,14.4,ug/m3,
2026-09-08T00:20:00Z,sm-002,metro-core,temperature,17.2,C,
2026-09-08T00:20:00Z,sm-003,metro-core,noise,44.2,dB,
2026-09-08T00:20:00Z,sm-004,riverside-park,air_quality,7.9,ug/m3,
2026-09-08T00:20:00Z,sm-005,riverside-park,temperature,15.2,C,
2026-09-08T00:20:00Z,sm-006,riverside-park,noise,36.1,dB,
2026-09-08T00:20:00Z,sm-007,north-industrial,air_quality,30.8,ug/m3,
2026-09-08T00:20:00Z,sm-008,north-industrial,temperature,18.8,C,
2026-09-08T00:20:00Z,sm-009,north-industrial,noise,49.2,dB,passby
2026-09-08T00:30:00Z,sm-001,metro-core,air_quality,14.4,ug/m3,
2026-09-08T00:30:00Z,sm-002,metro-core,temperature,18.4,C,
2026-09-08T00:30:00Z,sm-003,metro-core,noise,57.4,dB,passby
2026-09-08T00:30:00Z,sm-004,riverside-park,air_quality,8.2,ug/m3,
2026-09-08T00:30:00Z,sm-005,riverside-park,temperature,15.7,C,
2026-09-08T00:30:00Z,sm-006,riverside-park,noise,35.6,dB,
2026-09-08T00:30:00Z,sm-007,north-industrial,air_quality,33.1,ug/m3,
2026-09-08T00:30:00Z,sm-008,north-industrial,temperature,19.0,C,
2026-09-08T00:30:00Z,sm-009,north-industrial,noise,42.9,dB,
2026-09-08T00:40:00Z,sm-001,metro-core,air_quality,15.9,ug/m3,
2026-09-08T00:40:00Z,sm-002,metro-core,temperature,17.6,C,
2026-09-08T00:40:00Z,sm-003,metro-core,noise,43.6,dB,
2026-09-08T00:40:00Z,sm-004,riverside-park,air_quality,8.3,ug/m3,
2026-09-08T00:40:00Z,sm-005,riverside-park,temperature,15.6,C,
2026-09-08T00:40:00Z,sm-006,riverside-park,noise,37.3,dB,
2026-09-08T00:40:00Z,sm-007,north-industrial,air_quality,25.3,ug/m3,
2026-09-08T00:40:00Z,sm-008,north-industrial,temperature,18.1,C,
2026-09-08T00:40:00Z,sm-009,north-industrial,noise,44.5,dB,
2026-09-08T00:50:00Z,sm-001,metro-core,air_quality,15.7,ug/m3,
2026-09-08T00:50:00Z,sm-002,metro-core,temperature,17.8,C,
2026-09-08T00:50:00Z,sm-003,metro-core,noise,44.9,dB,
2026-09-08T00:50:00Z,sm-004,riverside-park,air_quality,7.7,ug/m3,
2026-09-08T00:50:00Z,sm-005,riverside-park,temperature,15.8,C,
2026-09-08T00:50:00Z,sm-006,riverside-park,noise,38.6,dB,
2026-09-08T00:50:00Z,sm-007,north-industrial,air_quality,22.9,ug/m3,
2026-09-08T00:50:00Z,sm-008,north-industrial,temperature,18.4,C,
2026-09-08T00:50:00Z,sm-009,north-industrial,noise,41.2,dB,
2026-09-08T01:00:00Z,sm-001,metro-core,air_quality,16.9,ug/m3,
2026-09-08T01:00:00Z,sm-002,metro-core,temperature,17.0,C,
2026-09-08T01:00:00Z,sm-003,metro-core,noise,44.6,dB,
2026-09-08T01:00:00Z,sm-004,riverside-park,air_quality,8.3,ug/m3,
2026-09-08T01:00:00Z,sm-005,riverside-park,temperature,15.0,C,
2026-09-08T01:00:00Z,sm-006,riverside-park,noise,34.5,dB,
2026-09-08T01:00:00Z,sm-007,north-industrial,air_quality,30.3,ug/m3,
2026-09-08T01:00:00Z,sm-008,north-industrial,temperature,18.2,C,
2026-09-08T01:00:00Z,sm-009,north-industrial,noise,40.9,dB,
2026-09-08T01:10:00Z,sm-001,metro-core,air_quality,17.5,ug/m3,
2026-09-08T01:10:00Z,sm-002,metro-core,temperature,16.8,C,
2026-09-08T01:10:00Z,sm-003,metro-core,noise,46.9,dB,
2026-09-08T01:10:00Z,sm-004,riverside-park,air_quality,8.5,ug/m3,
2026-09-08T01:10:00Z,sm-005,riverside-park,temperature,14.8,C,
2026-09-08T01:10:00Z,sm-006,riverside-park,noise,37.0,dB,
2026-09-08T01:10:00Z,sm-007,north-industrial,air_quality,25.6,ug/m3,
2026-09-08T01:10:00Z,sm-008,north-industrial,temperature,17.8,C,
2026-09-08T01:10:00Z,sm-009,north-industrial,noise,40.1,dB,
2026-09-08T01:20:00Z,sm-001,metro-core,air_quality,15.3,ug/m3,
2026-09-08T01:20:00Z,sm-002,metro-core,temperature,17.3,C,
2026-09-08T01:20:00Z,sm-003,metro-core,noise,45.0,dB,
2026-09-08T01:20:00Z,sm-004,riverside-park,air_quality,9.0,ug/m3,
2026-09-08T01:20:00Z,sm-005,riverside-park,temperature,14.8,C,
2026-09-08T01:20:00Z,sm-006,riverside-park,noise,36.5,dB,
2026-09-08T01:20:00Z,sm-007,north-industrial,air_quality,32.2,ug/m3,
2026-09-08T01:20:00Z,sm-008,north-industrial,temperature,17.0,C,
2026-09-08T01:20:00Z,sm-009,north-industrial,noise,41.4,dB,
2026-09-08T01:30:00Z,sm-001,metro-core,air_quality,15.5,ug/m3,
2026-09-08T01:30:00Z,sm-002,metro-core,temperature,17.2,C,
2026-09-08T01:30:00Z,sm-003,metro-core,noise,42.8,dB,
2026-09-08T01:30:00Z,sm-004,riverside-park,air_quality,9.2,ug/m3,
2026-09-08T01:30:00Z,sm-005,riverside-park,temperature,14.4,C,
2026-09-08T01:30:00Z,sm-006,riverside-park,noise,37.5,dB,
2026-09-08T01:30:00Z,sm-007,north-industrial,air_quality,32.4,ug/m3,
2026-09-08T01:30:00Z,sm-008,north-industrial,temperature,17.7,C,
2026-09-08T01:30:00Z,sm-009,north-industrial,noise,40.0,dB,
2026-09-08T01:40:00Z,sm-001,metro-core,air_quality,15.3,ug/m3,
2026-09-08T01:40:00Z,sm-002,metro-core,temperature,17.6,C,
2026-09-08T01:40:00Z,sm-003,metro-core,noise,42.3,dB,
2026-09-08T01:40:00Z,sm-004,riverside-park,air_quality,9.4,ug/m3,
2026-09-08T01:40:00Z,sm-005,riverside-park,temperature,14.7,C,
2026-09-08T01:40:00Z,sm-006,riverside-park,noise,36.9,dB,
2026-09-08T01:40:00Z,sm-007,north-industrial,air_quality,27.1,ug/m3,
2026-09-08T01:40:00Z,sm-008,north-industrial,temperature,18.4,C,
2026-09-08T01:40:00Z,sm-009,north-industrial,noise,40.3,dB,
2026-09-08T01:50:00Z,sm-001,metro-core,air_quality,18.1,ug/m3,
2026-09-08T01:50:00Z,sm-002,metro-core,temperature,17.4,C,
2026-09-08T01:50:00Z,sm-003,metro-core,noise,45.9,dB,
2026-09-08T01:50:00Z,sm-004,riverside-park,air_quality,9.2,ug/m3,
2026-09-08T01:50:00Z,sm-005,riverside-park,temperature,14.3,C,
2026-09-08T01:50:00Z,sm-006,riverside-park,noise,39.2,dB,
2026-09-08T01:50:00Z,sm-007,north-industrial,air_quality,33.2,ug/m3,
2026-09-08T01:50:00Z,sm-008,north-industrial,temperature,17.5,C,
2026-09-08T01:50:00Z,sm-009,north-industrial,noise,42.3,dB,
2026-09-08T02:00:00Z,sm-001,metro-core,air_quality,15.7,ug/m3,
2026-09-08T02:00:00Z,sm-002,metro-core,temperature,31.7,C,spike
2026-09-08T02:00:00Z,sm-003,metro-core,noise,43.3,dB,
2026-09-08T02:00:00Z,sm-004,riverside-park,air_quality,8.7,ug/m3,
2026-09-08T02:00:00Z,sm-005,riverside-park,temperature,14.6,C,
2026-09-08T02:00:00Z,sm-006,riverside-park,noise,36.4,dB,
2026-09-08T02:00:00Z,sm-007,north-industrial,air_quality,29.1,ug/m3,
2026-09-08T02:00:00Z,sm-008,north-industrial,temperature,17.8,C,
2026-09-08T02:00:00Z,sm-009,north-industrial,noise,40.9,dB,
2026-09-08T02:10:00Z,sm-001,metro-core,air_quality,15.9,ug/m3,
2026-09-08T02:10:00Z,sm-002,metro-core,temperature,16.2,C,
2026-09-08T02:10:00Z,sm-003,metro-core,noise,43.9,dB,
2026-09-08T02:10:00Z,sm-004,riverside-park,air_quality,8.0,ug/m3,
2026-09-08T02:10:00Z,sm-005,riverside-park,temperature,14.1,C,
2026-09-08T02:10:00Z,sm-006,riverside-park,noise,35.8,dB,
2026-09-08T02:10:00Z,sm-007,north-industrial,air_quality,28.3,ug/m3,
2026-09-08T02:10:00Z,sm-008,north-industrial,temperature,17.3,C,
2026-09-08T02:10:00Z,sm-009,north-industrial,noise,42.4,dB,
2026-09-08T02:20:00Z,sm-001,metro-core,air_quality,15.9,ug/m3,
2026-09-08T02:20:00Z,sm-002,metro-core,temperature,16.6,C,
2026-09-08T02:20:00Z,sm-003,metro-core,noise,44.5,dB,
2026-09-08T02:20:00Z,sm-004,riverside-park,air_quality,8.4,ug/m3,
2026-09-08T02:20:00Z,sm-005,riverside-park,temperature,13.7,C,
2026-09-08T02:20:00Z,sm-006,riverside-park,noise,34.4,dB,
2026-09-08T02:20:00Z,sm-007,north-industrial,air_quality,25.6,ug/m3,
2026-09-08T02:20:00Z,sm-008,north-industrial,temperature,17.1,C,
2026-09-08T02:20:00Z,sm-009,north-industrial,noise,40.8,dB,
2026-09-08T02:30:00Z,sm-001,metro-core,air_quality,18.3,ug/m3,
2026-09-08T02:30:00Z,sm-002,metro-core,temperature,16.4,C,
2026-09-08T02:30:00Z,sm-003,metro-core,noise,44.4,dB,
2026-09-08T02:30:00Z,sm-004,riverside-park,air_quality,8.2,ug/m3,
2026-09-08T02:30:00Z,sm-005,riverside-park,temperature,13.4,C,
2026-09-08T02:30:00Z,sm-006,riverside-park,noise,37.8,dB,
2026-09-08T02:30:00Z,sm-007,north-industrial,air_quality,30.7,ug/m3,
2026-09-08T02:30:00Z,sm-008,north-industrial,temperature,16.3,C,
2026-09-08T02:30:00Z,sm-009,north-industrial,noise,42.0,dB,
2026-09-08T02:40:00Z,sm-001,metro-core,air_quality,13.2,ug/m3,
2026-09-08T02:40:00Z,sm-002,metro-core,temperature,15.9,C,
2026-09-08T02:40:00Z,sm-003,metro-core,noise,44.8,dB,
2026-09-08T02:40:00Z,sm-004,riverside-park,air_quality,9.4,ug/m3,
2026-09-08T02:40:00Z,sm-005,riverside-park,temperature,14.4,C,
2026-09-08T02:40:00Z,sm-006,riverside-park,noise,36.9,dB,
2026-09-08T02:40:00Z,sm-007,north-industrial,air_quality,28.5,ug/m3,
2026-09-08T02:40:00Z,sm-008,north-industrial,temperature,17.0,C,
2026-09-08T02:40:00Z,sm-009,north-industrial,noise,42.9,dB,
2026-09-08T02:50:00Z,sm-001,metro-core,air_quality,13.3,ug/m3,
2026-09-08T02:50:00Z,sm-002,metro-core,temperature,16.5,C,
2026-09-08T02:50:00Z,sm-003,metro-core,noise,44.3,dB,
2026-09-08T02:50:00Z,sm-004,riverside-park,air_quality,7.0,ug/m3,
2026-09-08T02:50:00Z,sm-005,riverside-park,temperature,14.1,C,
2026-09-08T02:50:00Z,sm-006,riverside-park,noise,38.4,dB,
2026-09-08T02:50:00Z,sm-007,north-industrial,air_quality,23.6,ug/m3,
2026-09-08T02:50:00Z,sm-008,north-industrial,temperature,16.5,C,
2026-09-08T02:50:00Z,sm-009,north-industrial,noise,39.6,dB,
2026-09-08T03:00:00Z,sm-001,metro-core,air_quality,18.4,ug/m3,
2026-09-08T03:00:00Z,sm-002,metro-core,temperature,16.7,C,
2026-09-08T03:00:00Z,sm-003,metro-core,noise,42.8,dB,
2026-09-08T03:00:00Z,sm-004,riverside-park,air_quality,7.4,ug/m3,
2026-09-08T03:00:00Z,sm-005,riverside-park,temperature,14.0,C,
2026-09-08T03:00:00Z,sm-006,riverside-park,noise,37.6,dB,
2026-09-08T03:00:00Z,sm-007,north-industrial,air_quality,24.1,ug/m3,
2026-09-08T03:00:00Z,sm-008,north-industrial,temperature,16.8,C,
2026-09-08T03:00:00Z,sm-009,north-industrial,noise,41.1,dB,
2026-09-08T03:10:00Z,sm-001,metro-core,air_quality,19.2,ug/m3,
2026-09-08T03:10:00Z,sm-002,metro-core,temperature,16.3,C,
2026-09-08T03:10:00Z,sm-003,metro-core,noise,46.4,dB,
2026-09-08T03:10:00Z,sm-004,riverside-park,air_quality,7.9,ug/m3,
2026-09-08T03:10:00Z,sm-005,riverside-park,temperature,13.8,C,
2026-09-08T03:10:00Z,sm-006,riverside-park,noise,36.7,dB,
2026-09-08T03:10:00Z,sm-007,north-industrial,air_quality,33.1,ug/m3,
2026-09-08T03:10:00Z,sm-008,north-industrial,temperature,17.0,C,
2026-09-08T03:10:00Z,sm-009,north-industrial,noise,43.5,dB,
2026-09-08T03:20:00Z,sm-001,metro-core,air_quality,14.0,ug/m3,
2026-09-08T03:20:00Z,sm-002,metro-core,temperature,16.2,C,
2026-09-08T03:20:00Z,sm-003,metro-core,noise,43.5,dB,
2026-09-08T03:20:00Z,sm-004,riverside-park,air_quality,8.0,ug/m3,
2026-09-08T03:20:00Z,sm-005,riverside-park,temperature,14.6,C,
2026-09-08T03:20:00Z,sm-006,riverside-park,noise,37.9,dB,
2026-09-08T03:20:00Z,sm-007,north-industrial,air_quality,26.6,ug/m3,
2026-09-08T03:20:00Z,sm-008,north-industrial,temperature,17.5,C,
2026-09-08T03:20:00Z,sm-009,north-industrial,noise,42.7,dB,
2026-09-08T03:30:00Z,sm-001,metro-core,air_quality,17.2,ug/m3,
2026-09-08T03:30:00Z,sm-002,metro-core,temperature,16.5,C,
2026-09-08T03:30:00Z,sm-003,metro-core,noise,44.5,dB,
2026-09-08T03:30:00Z,sm-004,riverside-park,air_quality,7.6,ug/m3,
2026-09-08T03:30:00Z,sm-005,riverside-park,temperature,13.8,C,
2026-09-08T03:30:00Z,sm-006,riverside-park,noise,37.8,dB,
2026-09-08T03:30:00Z,sm-007,north-industrial,air_quality,25.3,ug/m3,
2026-09-08T03:30:00Z,sm-008,north-industrial,temperature,16.9,C,
2026-09-08T03:30:00Z,sm-009,north-industrial,noise,42.5,dB,
2026-09-08T03:40:00Z,sm-001,metro-core,air_quality,14.1,ug/m3,
2026-09-08T03:40:00Z,sm-002,metro-core,temperature,16.9,C,
2026-09-08T03:40:00Z,sm-003,metro-core,noise,45.2,dB,
2026-09-08T03:40:00Z,sm-004,riverside-park,air_quality,7.4,ug/m3,
2026-09-08T03:40:00Z,sm-005,riverside-park,temperature,14.0,C,
2026-09-08T03:40:00Z,sm-006,riverside-park,noise,37.0,dB,
2026-09-08T03:40:00Z,sm-007,north-industrial,air_quality,28.0,ug/m3,
2026-09-08T03:40:00Z,sm-008,north-industrial,temperature,17.3,C,
2026-09-08T03:40:00Z,sm-009,north-industrial,noise,41.7,dB,
2026-09-08T03:50:00Z,sm-001,metro-core,air_quality,14.2,ug/m3,
2026-09-08T03:50:00Z,sm-002,metro-core,temperature,16.4,C,
2026-09-08T03:50:00Z,sm-003,metro-core,noise,42.4,dB,
2026-09-08T03:50:00Z,sm-004,riverside-park,air_quality,8.9,ug/m3,
2026-09-08T03:50:00Z,sm-005,riverside-park,temperature,14.0,C,
2026-09-08T03:50:00Z,sm-006,riverside-park,noise,35.9,dB,
2026-09-08T03:50:00Z,sm-007,north-industrial,air_quality,28.0,ug/m3,
2026-09-08T03:50:00Z,sm-008,north-industrial,temperature,17.2,C,
2026-09-08T03:50:00Z,sm-009,north-industrial,noise,45.0,dB,
2026-09-08T04:00:00Z,sm-001,metro-core,air_quality,15.0,ug/m3,
2026-09-08T04:00:00Z,sm-002,metro-core,temperature,16.7,C,
2026-09-08T04:00:00Z,sm-003,metro-core,noise,44.6,dB,
2026-09-08T04:00:00Z,sm-004,riverside-park,air_quality,7.5,ug/m3,
2026-09-08T04:00:00Z,sm-005,riverside-park,temperature,14.4,C,
2026-09-08T04:00:00Z,sm-006,riverside-park,noise,35.6,dB,
2026-09-08T04:00:00Z,sm-007,north-industrial,air_quality,35.3,ug/m3,
2026-09-08T04:00:00Z,sm-008,north-industrial,temperature,16.9,C,
2026-09-08T04:00:00Z,sm-009,north-industrial,noise,46.0,dB,
2026-09-08T04:10:00Z,sm-001,metro-core,air_quality,17.0,ug/m3,
2026-09-08T04:10:00Z,sm-002,metro-core,temperature,16.8,C,
2026-09-08T04:10:00Z,sm-003,metro-core,noise,43.0,dB,
2026-09-08T04:10:00Z,sm-004,riverside-park,air_quality,7.3,ug/m3,
2026-09-08T04:10:00Z,sm-005,riverside-park,temperature,14.1,C,
2026-09-08T04:10:00Z,sm-006,riverside-park,noise,37.0,dB,
2026-09-08T04:10:00Z,sm-007,north-industrial,air_quality,27.6,ug/m3,
2026-09-08T04:10:00Z,sm-008,north-industrial,temperature,16.9,C,
2026-09-08T04:10:00Z,sm-009,north-industrial,noise,42.6,dB,
2026-09-08T04:20:00Z,sm-001,metro-core,air_quality,20.9,ug/m3,
2026-09-08T04:20:00Z,sm-002,metro-core,temperature,17.2,C,
2026-09-08T04:20:00Z,sm-003,metro-core,noise,44.4,dB,
2026-09-08T04:20:00Z,sm-004,riverside-park,air_quality,9.3,ug/m3,
2026-09-08T04:20:00Z,sm-005,riverside-park,temperature,14.2,C,
2026-09-08T04:20:00Z,sm-006,riverside-park,noise,38.6,dB,
2026-09-08T04:20:00Z,sm-007,north-industrial,air_quality,28.2,ug/m3,
2026-09-08T04:20:00Z,sm-008,north-industrial,temperature,17.6,C,
2026-09-08T04:20:00Z,sm-009,north-industrial,noise,44.1,dB,
2026-09-08T04:30:00Z,sm-001,metro-core,air_quality,16.8,ug/m3,
2026-09-08T04:30:00Z,sm-002,metro-core,temperature,17.1,C,
2026-09-08T04:30:00Z,sm-003,metro-core,noise,44.4,dB,
2026-09-08T04:30:00Z,sm-004,riverside-park,air_quality,7.9,ug/m3,
2026-09-08T04:30:00Z,sm-005,riverside-park,temperature,14.5,C,
2026-09-08T04:30:00Z,sm-006,riverside-park,noise,37.3,dB,
2026-09-08T04:30:00Z,sm-007,north-industrial,air_quality,25.5,ug/m3,
2026-09-08T04:30:00Z,sm-008,north-industrial,temperature,17.7,C,
2026-09-08T04:30:00Z,sm-009,north-industrial,noise,45.4,dB,
2026-09-08T04:40:00Z,sm-001,metro-core,air_quality,15.2,ug/m3,
2026-09-08T04:40:00Z,sm-002,metro-core,temperature,17.5,C,
2026-09-08T04:40:00Z,sm-003,metro-core,noise,45.7,dB,
2026-09-08T04:40:00Z,sm-004,riverside-park,air_quality,7.3,ug/m3,
2026-09-08T04:40:00Z,sm-005,riverside-park,temperature,14.6,C,
2026-09-08T04:40:00Z,sm-006,riverside-park,noise,37.8,dB,
2026-09-08T04:40:00Z,sm-007,north-industrial,air_quality,30.2,ug/m3,
2026-09-08T04:40:00Z,sm-008,north-industrial,temperature,17.6,C,
2026-09-08T04:40:00Z,sm-009,north-industrial,noise,43.3,dB,
2026-09-08T04:50:00Z,sm-001,metro-core,air_quality,16.5,ug/m3,
2026-09-08T04:50:00Z,sm-002,metro-core,temperature,17.0,C,
2026-09-08T04:50:00Z,sm-003,metro-core,noise,61.4,dB,passby
2026-09-08T04:50:00Z,sm-004,riverside-park,air_quality,8.2,ug/m3,
2026-09-08T04:50:00Z,sm-005,riverside-park,temperature,15.1,C,
2026-09-08T04:50:00Z,sm-006,riverside-park,noise,39.2,dB,
2026-09-08T04:50:00Z,sm-007,north-industrial,air_quality,31.2,ug/m3,
2026-09-08T04:50:00Z,sm-008,north-industrial,temperature,17.2,C,
2026-09-08T04:50:00Z,sm-009,north-industrial,noise,47.3,dB,
2026-09-08T05:00:00Z,sm-001,metro-core,air_quality,17.3,ug/m3,
2026-09-08T05:00:00Z,sm-002,metro-core,temperature,17.4,C,
2026-09-08T05:00:00Z,sm-003,metro-core,noise,46.5,dB,
2026-09-08T05:00:00Z,sm-004,riverside-park,air_quality,9.6,ug/m3,
2026-09-08T05:00:00Z,sm-005,riverside-park,temperature,14.2,C,
2026-09-08T05:00:00Z,sm-006,riverside-park,noise,38.1,dB,
2026-09-08T05:00:00Z,sm-007,north-industrial,air_quality,32.2,ug/m3,
2026-09-08T05:00:00Z,sm-008,north-industrial,temperature,17.4,C,
2026-09-08T05:00:00Z,sm-009,north-industrial,noise,44.2,dB,
2026-09-08T05:10:00Z,sm-001,metro-core,air_quality,18.6,ug/m3,
2026-09-08T05:10:00Z,sm-002,metro-core,temperature,17.1,C,
2026-09-08T05:10:00Z,sm-003,metro-core,noise,47.5,dB,
2026-09-08T05:10:00Z,sm-004,riverside-park,air_quality,10.7,ug/m3,
2026-09-08T05:10:00Z,sm-005,riverside-park,temperature,14.8,C,
2026-09-08T05:10:00Z,sm-006,riverside-park,noise,40.1,dB,
2026-09-08T05:10:00Z,sm-007,north-industrial,air_quality,29.1,ug/m3,
2026-09-08T05:10:00Z,sm-008,north-industrial,temperature,17.8,C,
2026-09-08T05:10:00Z,sm-009,north-industrial,noise,44.1,dB,
2026-09-08T05:20:00Z,sm-001,metro-core,air_quality,19.9,ug/m3,
2026-09-08T05:20:00Z,sm-002,metro-core,temperature,17.1,C,
2026-09-08T05:20:00Z,sm-003,metro-core,noise,49.2,dB,
2026-09-08T05:20:00Z,sm-004,riverside-park,air_quality,9.4,ug/m3,
2026-09-08T05:20:00Z,sm-005,riverside-park,temperature,15.6,C,
2026-09-08T05:20:00Z,sm-006,riverside-park,noise,40.7,dB,
2026-09-08T05:20:00Z,sm-007,north-industrial,air_quality,23.6,ug/m3,
2026-09-08T05:20:00Z,sm-008,north-industrial,temperature,17.5,C,
2026-09-08T05:20:00Z,sm-009,north-industrial,noise,46.8,dB,
2026-09-08T05:30:00Z,sm-001,metro-core,air_quality,20.6,ug/m3,
2026-09-08T05:30:00Z,sm-002,metro-core,temperature,17.4,C,
2026-09-08T05:30:00Z,sm-003,metro-core,noise,47.8,dB,
2026-09-08T05:30:00Z,sm-004,riverside-park,air_quality,9.5,ug/m3,
2026-09-08T05:30:00Z,sm-005,riverside-park,temperature,15.0,C,
2026-09-08T05:30:00Z,sm-006,riverside-park,noise,54.5,dB,passby
2026-09-08T05:30:00Z,sm-007,north-industrial,air_quality,33.7,ug/m3,
2026-09-08T05:30:00Z,sm-008,north-industrial,temperature,17.6,C,
2026-09-08T05:30:00Z,sm-009,north-industrial,noise,46.2,dB,
2026-09-08T05:40:00Z,sm-001,metro-core,air_quality,21.3,ug/m3,
2026-09-08T05:40:00Z,sm-002,metro-core,temperature,18.1,C,
2026-09-08T05:40:00Z,sm-003,metro-core,noise,63.9,dB,passby
2026-09-08T05:40:00Z,sm-004,riverside-park,air_quality,9.9,ug/m3,
2026-09-08T05:40:00Z,sm-005,riverside-park,temperature,15.0,C,
2026-09-08T05:40:00Z,sm-006,riverside-park,noise,42.2,dB,
2026-09-08T05:40:00Z,sm-007,north-industrial,air_quality,30.8,ug/m3,
2026-09-08T05:40:00Z,sm-008,north-industrial,temperature,17.2,C,
2026-09-08T05:40:00Z,sm-009,north-industrial,noise,48.0,dB,
2026-09-08T05:50:00Z,sm-001,metro-core,air_quality,23.8,ug/m3,
2026-09-08T05:50:00Z,sm-002,metro-core,temperature,17.9,C,
2026-09-08T05:50:00Z,sm-003,metro-core,noise,50.6,dB,
2026-09-08T05:50:00Z,sm-004,riverside-park,air_quality,9.2,ug/m3,
2026-09-08T05:50:00Z,sm-005,riverside-park,temperature,15.6,C,
2026-09-08T05:50:00Z,sm-006,riverside-park,noise,43.9,dB,
2026-09-08T05:50:00Z,sm-007,north-industrial,air_quality,27.1,ug/m3,
2026-09-08T05:50:00Z,sm-008,north-industrial,temperature,18.2,C,
2026-09-08T05:50:00Z,sm-009,north-industrial,noise,48.3,dB,
2026-09-08T06:00:00Z,sm-001,metro-core,air_quality,20.8,ug/m3,
2026-09-08T06:00:00Z,sm-002,metro-core,temperature,18.1,C,
2026-09-08T06:00:00Z,sm-003,metro-core,noise,52.3,dB,
2026-09-08T06:00:00Z,sm-004,riverside-park,air_quality,9.1,ug/m3,
2026-09-08T06:00:00Z,sm-005,riverside-park,temperature,16.0,C,
2026-09-08T06:00:00Z,sm-006,riverside-park,noise,42.0,dB,
2026-09-08T06:00:00Z,sm-007,north-industrial,air_quality,31.9,ug/m3,
2026-09-08T06:00:00Z,sm-008,north-industrial,temperature,18.1,C,
2026-09-08T06:00:00Z,sm-009,north-industrial,noise,49.6,dB,
2026-09-08T06:10:00Z,sm-001,metro-core,air_quality,20.7,ug/m3,
2026-09-08T06:10:00Z,sm-002,metro-core,temperature,17.6,C,
2026-09-08T06:10:00Z,sm-003,metro-core,noise,67.3,dB,passby
2026-09-08T06:10:00Z,sm-004,riverside-park,air_quality,10.4,ug/m3,
2026-09-08T06:10:00Z,sm-005,riverside-park,temperature,30.4,C,spike
2026-09-08T06:10:00Z,sm-006,riverside-park,noise,43.8,dB,
2026-09-08T06:10:00Z,sm-007,north-industrial,air_quality,34.9,ug/m3,
2026-09-08T06:10:00Z,sm-008,north-industrial,temperature,18.5,C,
2026-09-08T06:10:00Z,sm-009,north-industrial,noise,48.2,dB,
2026-09-08T06:20:00Z,sm-001,metro-core,air_quality,25.1,ug/m3,
2026-09-08T06:20:00Z,sm-002,metro-core,temperature,18.3,C,
2026-09-08T06:20:00Z,sm-003,metro-core,noise,54.0,dB,
2026-09-08T06:20:00Z,sm-004,riverside-park,air_quality,11.0,ug/m3,
2026-09-08T06:20:00Z,sm-005,riverside-park,temperature,15.8,C,
2026-09-08T06:20:00Z,sm-006,riverside-park,noise,67.3,dB,spike
2026-09-08T06:20:00Z,sm-007,north-industrial,air_quality,36.7,ug/m3,
2026-09-08T06:20:00Z,sm-008,north-industrial,temperature,18.6,C,
2026-09-08T06:20:00Z,sm-009,north-industrial,noise,52.2,dB,
2026-09-08T06:30:00Z,sm-001,metro-core,air_quality,22.1,ug/m3,
2026-09-08T06:30:00Z,sm-002,metro-core,temperature,18.7,C,
2026-09-08T06:30:00Z,sm-003,metro-core,noise,54.4,dB,
2026-09-08T06:30:00Z,sm-004,riverside-park,air_quality,9.5,ug/m3,
2026-09-08T06:30:00Z,sm-005,riverside-park,temperature,16.5,C,
2026-09-08T06:30:00Z,sm-006,riverside-park,noise,44.7,dB,
2026-09-08T06:30:00Z,sm-007,north-industrial,air_quality,33.7,ug/m3,
2026-09-08T06:30:00Z,sm-008,north-industrial,temperature,18.6,C,
2026-09-08T06:30:00Z,sm-009,north-industrial,noise,53.2,dB,
2026-09-08T06:40:00Z,sm-001,metro-core,air_quality,29.2,ug/m3,
2026-09-08T06:40:00Z,sm-002,metro-core,temperature,19.5,C,
2026-09-08T06:40:00Z,sm-003,metro-core,noise,56.0,dB,
2026-09-08T06:40:00Z,sm-004,riverside-park,air_quality,9.6,ug/m3,
2026-09-08T06:40:00Z,sm-005,riverside-park,temperature,17.4,C,
2026-09-08T06:40:00Z,sm-006,riverside-park,noise,45.2,dB,
2026-09-08T06:40:00Z,sm-007,north-industrial,air_quality,34.6,ug/m3,
2026-09-08T06:40:00Z,sm-008,north-industrial,temperature,18.5,C,
2026-09-08T06:40:00Z,sm-009,north-industrial,noise,54.2,dB,
2026-09-08T06:50:00Z,sm-001,metro-core,air_quality,29.4,ug/m3,
2026-09-08T06:50:00Z,sm-002,metro-core,temperature,19.2,C,
2026-09-08T06:50:00Z,sm-003,metro-core,noise,59.3,dB,
2026-09-08T06:50:00Z,sm-004,riverside-park,air_quality,10.7,ug/m3,
2026-09-08T06:50:00Z,sm-005,riverside-park,temperature,16.2,C,
2026-09-08T06:50:00Z,sm-006,riverside-park,noise,46.6,dB,
2026-09-08T06:50:00Z,sm-007,north-industrial,air_quality,38.8,ug/m3,
2026-09-08T06:50:00Z,sm-008,north-industrial,temperature,18.9,C,
2026-09-08T06:50:00Z,sm-009,north-industrial,noise,54.7,dB,
2026-09-08T07:00:00Z,sm-001,metro-core,air_quality,30.4,ug/m3,
2026-09-08T07:00:00Z,sm-002,metro-core,temperature,19.6,C,
2026-09-08T07:00:00Z,sm-003,metro-core,noise,60.5,dB,
2026-09-08T07:00:00Z,sm-004,riverside-park,air_quality,11.3,ug/m3,
2026-09-08T07:00:00Z,sm-005,riverside-park,temperature,17.9,C,
2026-09-08T07:00:00Z,sm-006,riverside-park,noise,48.0,dB,
2026-09-08T07:00:00Z,sm-007,north-industrial,air_quality,41.6,ug/m3,
2026-09-08T07:00:00Z,sm-008,north-industrial,temperature,18.9,C,
2026-09-08T07:00:00Z,sm-009,north-industrial,noise,55.6,dB,
2026-09-08T07:10:00Z,sm-001,metro-core,air_quality,26.3,ug/m3,
2026-09-08T07:10:00Z,sm-002,metro-core,temperature,18.9,C,
2026-09-08T07:10:00Z,sm-003,metro-core,noise,59.2,dB,
2026-09-08T07:10:00Z,sm-004,riverside-park,air_quality,12.2,ug/m3,
2026-09-08T07:10:00Z,sm-005,riverside-park,temperature,17.5,C,
2026-09-08T07:10:00Z,sm-006,riverside-park,noise,51.5,dB,
2026-09-08T07:10:00Z,sm-007,north-industrial,air_quality,33.3,ug/m3,
2026-09-08T07:10:00Z,sm-008,north-industrial,temperature,20.0,C,
2026-09-08T07:10:00Z,sm-009,north-industrial,noise,57.3,dB,
2026-09-08T07:20:00Z,sm-001,metro-core,air_quality,29.3,ug/m3,
2026-09-08T07:20:00Z,sm-002,metro-core,temperature,20.0,C,
2026-09-08T07:20:00Z,sm-003,metro-core,noise,61.3,dB,
2026-09-08T07:20:00Z,sm-004,riverside-park,air_quality,11.4,ug/m3,
2026-09-08T07:20:00Z,sm-005,riverside-park,temperature,17.8,C,
2026-09-08T07:20:00Z,sm-006,riverside-park,noise,50.7,dB,
2026-09-08T07:20:00Z,sm-007,north-industrial,air_quality,43.9,ug/m3,
2026-09-08T07:20:00Z,sm-008,north-industrial,temperature,19.0,C,
2026-09-08T07:20:00Z,sm-009,north-industrial,noise,59.4,dB,
2026-09-08T07:30:00Z,sm-001,metro-core,air_quality,35.9,ug/m3,
2026-09-08T07:30:00Z,sm-002,metro-core,temperature,20.5,C,
2026-09-08T07:30:00Z,sm-003,metro-core,noise,61.6,dB,
2026-09-08T07:30:00Z,sm-004,riverside-park,air_quality,13.2,ug/m3,
2026-09-08T07:30:00Z,sm-005,riverside-park,temperature,17.9,C,
2026-09-08T07:30:00Z,sm-006,riverside-park,noise,56.1,dB,
2026-09-08T07:30:00Z,sm-007,north-industrial,air_quality,38.2,ug/m3,
2026-09-08T07:30:00Z,sm-008,north-industrial,temperature,19.7,C,
2026-09-08T07:30:00Z,sm-009,north-industrial,noise,57.3,dB,
2026-09-08T07:40:00Z,sm-001,metro-core,air_quality,32.6,ug/m3,
2026-09-08T07:40:00Z,sm-002,metro-core,temperature,20.9,C,
2026-09-08T07:40:00Z,sm-003,metro-core,noise,61.4,dB,
2026-09-08T07:40:00Z,sm-004,riverside-park,air_quality,12.4,ug/m3,
2026-09-08T07:40:00Z,sm-005,riverside-park,temperature,17.7,C,
2026-09-08T07:40:00Z,sm-006,riverside-park,noise,64.2,dB,passby
2026-09-08T07:40:00Z,sm-007,north-industrial,air_quality,45.8,ug/m3,
2026-09-08T07:40:00Z,sm-008,north-industrial,temperature,20.5,C,
2026-09-08T07:40:00Z,sm-009,north-industrial,noise,61.6,dB,
2026-09-08T07:50:00Z,sm-001,metro-core,air_quality,32.0,ug/m3,
2026-09-08T07:50:00Z,sm-002,metro-core,temperature,20.6,C,
2026-09-08T07:50:00Z,sm-003,metro-core,noise,77.6,dB,passby
2026-09-08T07:50:00Z,sm-004,riverside-park,air_quality,10.6,ug/m3,
2026-09-08T07:50:00Z,sm-005,riverside-park,temperature,18.1,C,
2026-09-08T07:50:00Z,sm-006,riverside-park,noise,53.0,dB,
2026-09-08T07:50:00Z,sm-007,north-industrial,air_quality,43.8,ug/m3,
2026-09-08T07:50:00Z,sm-008,north-industrial,temperature,20.2,C,
2026-09-08T07:50:00Z,sm-009,north-industrial,noise,69.6,dB,passby
2026-09-08T08:00:00Z,sm-001,metro-core,air_quality,31.2,ug/m3,
2026-09-08T08:00:00Z,sm-002,metro-core,temperature,20.4,C,
2026-09-08T08:00:00Z,sm-003,metro-core,noise,65.3,dB,
2026-09-08T08:00:00Z,sm-004,riverside-park,air_quality,12.8,ug/m3,
2026-09-08T08:00:00Z,sm-005,riverside-park,temperature,18.3,C,
2026-09-08T08:00:00Z,sm-006,riverside-park,noise,55.6,dB,
2026-09-08T08:00:00Z,sm-007,north-industrial,air_quality,40.4,ug/m3,
2026-09-08T08:00:00Z,sm-008,north-industrial,temperature,20.4,C,
2026-09-08T08:00:00Z,sm-009,north-industrial,noise,60.0,dB,
2026-09-08T08:10:00Z,sm-001,metro-core,air_quality,30.4,ug/m3,
2026-09-08T08:10:00Z,sm-002,metro-core,temperature,20.9,C,
2026-09-08T08:10:00Z,sm-003,metro-core,noise,65.9,dB,
2026-09-08T08:10:00Z,sm-004,riverside-park,air_quality,16.0,ug/m3,
2026-09-08T08:10:00Z,sm-005,riverside-park,temperature,19.4,C,
2026-09-08T08:10:00Z,sm-006,riverside-park,noise,52.6,dB,
2026-09-08T08:10:00Z,sm-007,north-industrial,air_quality,38.2,ug/m3,
2026-09-08T08:10:00Z,sm-008,north-industrial,temperature,21.1,C,
2026-09-08T08:10:00Z,sm-009,north-industrial,noise,62.6,dB,
2026-09-08T08:20:00Z,sm-001,metro-core,air_quality,31.7,ug/m3,
2026-09-08T08:20:00Z,sm-002,metro-core,temperature,20.6,C,
2026-09-08T08:20:00Z,sm-003,metro-core,noise,65.0,dB,
2026-09-08T08:20:00Z,sm-004,riverside-park,air_quality,12.0,ug/m3,
2026-09-08T08:20:00Z,sm-005,riverside-park,temperature,19.7,C,
2026-09-08T08:20:00Z,sm-006,riverside-park,noise,54.7,dB,
2026-09-08T08:20:00Z,sm-007,north-industrial,air_quality,49.1,ug/m3,
2026-09-08T08:20:00Z,sm-008,north-industrial,temperature,20.8,C,
2026-09-08T08:20:00Z,sm-009,north-industrial,noise,60.0,dB,
2026-09-08T08:30:00Z,sm-001,metro-core,air_quality,34.1,ug/m3,
2026-09-08T08:30:00Z,sm-002,metro-core,temperature,20.6,C,
2026-09-08T08:30:00Z,sm-003,metro-core,noise,64.3,dB,
2026-09-08T08:30:00Z,sm-004,riverside-park,air_quality,12.6,ug/m3,
2026-09-08T08:30:00Z,sm-005,riverside-park,temperature,19.8,C,
2026-09-08T08:30:00Z,sm-006,riverside-park,noise,53.8,dB,
2026-09-08T08:30:00Z,sm-007,north-industrial,air_quality,61.3,ug/m3,
2026-09-08T08:30:00Z,sm-008,north-industrial,temperature,21.1,C,
2026-09-08T08:30:00Z,sm-009,north-industrial,noise,64.1,dB,
2026-09-08T08:40:00Z,sm-001,metro-core,air_quality,29.3,ug/m3,
2026-09-08T08:40:00Z,sm-002,metro-core,temperature,20.8,C,
2026-09-08T08:40:00Z,sm-003,metro-core,noise,66.1,dB,
2026-09-08T08:40:00Z,sm-004,riverside-park,air_quality,12.4,ug/m3,
2026-09-08T08:40:00Z,sm-005,riverside-park,temperature,20.5,C,
2026-09-08T08:40:00Z,sm-006,riverside-park,noise,54.9,dB,
2026-09-08T08:40:00Z,sm-007,north-industrial,air_quality,38.1,ug/m3,
2026-09-08T08:40:00Z,sm-008,north-industrial,temperature,21.9,C,
2026-09-08T08:40:00Z,sm-009,north-industrial,noise,65.6,dB,
2026-09-08T08:50:00Z,sm-001,metro-core,air_quality,27.2,ug/m3,
2026-09-08T08:50:00Z,sm-002,metro-core,temperature,21.2,C,
2026-09-08T08:50:00Z,sm-003,metro-core,noise,67.4,dB,
2026-09-08T08:50:00Z,sm-004,riverside-park,air_quality,10.6,ug/m3,
2026-09-08T08:50:00Z,sm-005,riverside-park,temperature,20.2,C,
2026-09-08T08:50:00Z,sm-006,riverside-park,noise,55.9,dB,
2026-09-08T08:50:00Z,sm-007,north-industrial,air_quality,43.1,ug/m3,
2026-09-08T08:50:00Z,sm-008,north-industrial,temperature,21.7,C,
2026-09-08T08:50:00Z,sm-009,north-industrial,noise,62.8,dB,
2026-09-08T09:00:00Z,sm-001,metro-core,air_quality,24.9,ug/m3,
2026-09-08T09:00:00Z,sm-002,metro-core,temperature,22.1,C,
2026-09-08T09:00:00Z,sm-003,metro-core,noise,67.2,dB,
2026-09-08T09:00:00Z,sm-004,riverside-park,air_quality,12.6,ug/m3,
2026-09-08T09:00:00Z,sm-005,riverside-park,temperature,21.3,C,
2026-09-08T09:00:00Z,sm-006,riverside-park,noise,57.5,dB,
2026-09-08T09:00:00Z,sm-007,north-industrial,air_quality,40.8,ug/m3,
2026-09-08T09:00:00Z,sm-008,north-industrial,temperature,21.9,C,
2026-09-08T09:00:00Z,sm-009,north-industrial,noise,63.0,dB,
2026-09-08T09:10:00Z,sm-001,metro-core,air_quality,31.1,ug/m3,
2026-09-08T09:10:00Z,sm-002,metro-core,temperature,21.6,C,
2026-09-08T09:10:00Z,sm-003,metro-core,noise,66.4,dB,
2026-09-08T09:10:00Z,sm-004,riverside-park,air_quality,10.3,ug/m3,
2026-09-08T09:10:00Z,sm-005,riverside-park,temperature,20.6,C,
2026-09-08T09:10:00Z,sm-006,riverside-park,noise,57.2,dB,
2026-09-08T09:10:00Z,sm-007,north-industrial,air_quality,40.0,ug/m3,
2026-09-08T09:10:00Z,sm-008,north-industrial,temperature,22.0,C,
2026-09-08T09:10:00Z,sm-009,north-industrial,noise,65.3,dB,
2026-09-08T09:20:00Z,sm-001,metro-core,air_quality,28.7,ug/m3,
2026-09-08T09:20:00Z,sm-002,metro-core,temperature,22.5,C,
2026-09-08T09:20:00Z,sm-003,metro-core,noise,67.6,dB,
2026-09-08T09:20:00Z,sm-004,riverside-park,air_quality,10.6,ug/m3,
2026-09-08T09:20:00Z,sm-005,riverside-park,temperature,20.7,C,
2026-09-08T09:20:00Z,sm-006,riverside-park,noise,55.7,dB,
2026-09-08T09:20:00Z,sm-007,north-industrial,air_quality,36.5,ug/m3,
2026-09-08T09:20:00Z,sm-008,north-industrial,temperature,22.3,C,
2026-09-08T09:20:00Z,sm-009,north-industrial,noise,72.8,dB,passby
2026-09-08T09:30:00Z,sm-001,metro-core,air_quality,23.7,ug/m3,
2026-09-08T09:30:00Z,sm-002,metro-core,temperature,21.9,C,
2026-09-08T09:30:00Z,sm-003,metro-core,noise,66.1,dB,
2026-09-08T09:30:00Z,sm-004,riverside-park,air_quality,10.5,ug/m3,
2026-09-08T09:30:00Z,sm-005,riverside-park,temperature,21.3,C,
2026-09-08T09:30:00Z,sm-006,riverside-park,noise,58.5,dB,
2026-09-08T09:30:00Z,sm-007,north-industrial,air_quality,35.8,ug/m3,
2026-09-08T09:30:00Z,sm-008,north-industrial,temperature,22.7,C,
2026-09-08T09:30:00Z,sm-009,north-industrial,noise,64.6,dB,
2026-09-08T09:40:00Z,sm-001,metro-core,air_quality,33.2,ug/m3,
2026-09-08T09:40:00Z,sm-002,metro-core,temperature,23.2,C,
2026-09-08T09:40:00Z,sm-003,metro-core,noise,65.8,dB,
2026-09-08T09:40:00Z,sm-004,riverside-park,air_quality,12.0,ug/m3,
2026-09-08T09:40:00Z,sm-005,riverside-park,temperature,21.6,C,
2026-09-08T09:40:00Z,sm-006,riverside-park,noise,58.9,dB,
2026-09-08T09:40:00Z,sm-007,north-industrial,air_quality,36.4,ug/m3,
2026-09-08T09:40:00Z,sm-008,north-industrial,temperature,23.3,C,
2026-09-08T09:40:00Z,sm-009,north-industrial,noise,63.4,dB,
2026-09-08T09:50:00Z,sm-001,metro-core,air_quality,28.6,ug/m3,
2026-09-08T09:50:00Z,sm-002,metro-core,temperature,23.2,C,
2026-09-08T09:50:00Z,sm-003,metro-core,noise,67.1,dB,
2026-09-08T09:50:00Z,sm-004,riverside-park,air_quality,9.8,ug/m3,
2026-09-08T09:50:00Z,sm-005,riverside-park,temperature,21.7,C,
2026-09-08T09:50:00Z,sm-006,riverside-park,noise,56.8,dB,
2026-09-08T09:50:00Z,sm-007,north-industrial,air_quality,36.8,ug/m3,
2026-09-08T09:50:00Z,sm-008,north-industrial,temperature,23.2,C,
2026-09-08T09:50:00Z,sm-009,north-industrial,noise,64.8,dB,
2026-09-08T10:00:00Z,sm-001,metro-core,air_quality,32.9,ug/m3,
2026-09-08T10:00:00Z,sm-002,metro-core,temperature,22.3,C,
2026-09-08T10:00:00Z,sm-003,metro-core,noise,66.3,dB,
2026-09-08T10:00:00Z,sm-004,riverside-park,air_quality,9.9,ug/m3,
2026-09-08T10:00:00Z,sm-005,riverside-park,temperature,23.0,C,
2026-09-08T10:00:00Z,sm-006,riverside-park,noise,57.7,dB,
2026-09-08T10:00:00Z,sm-007,north-industrial,air_quality,126.7,ug/m3,spike
2026-09-08T10:00:00Z,sm-008,north-industrial,temperature,24.2,C,
2026-09-08T10:00:00Z,sm-009,north-industrial,noise,63.6,dB,
2026-09-08T10:10:00Z,sm-001,metro-core,air_quality,23.0,ug/m3,
2026-09-08T10:10:00Z,sm-002,metro-core,temperature,23.4,C,
2026-09-08T10:10:00Z,sm-003,metro-core,noise,67.7,dB,
2026-09-08T10:10:00Z,sm-004,riverside-park,air_quality,9.1,ug/m3,
2026-09-08T10:10:00Z,sm-005,riverside-park,temperature,21.8,C,
2026-09-08T10:10:00Z,sm-006,riverside-park,noise,56.8,dB,
2026-09-08T10:10:00Z,sm-007,north-industrial,air_quality,40.5,ug/m3,
2026-09-08T10:10:00Z,sm-008,north-industrial,temperature,24.0,C,
2026-09-08T10:10:00Z,sm-009,north-industrial,noise,63.6,dB,stuck
2026-09-08T10:20:00Z,sm-001,metro-core,air_quality,23.7,ug/m3,
2026-09-08T10:20:00Z,sm-002,metro-core,temperature,23.8,C,
2026-09-08T10:20:00Z,sm-003,metro-core,noise,66.2,dB,
2026-09-08T10:20:00Z,sm-004,riverside-park,air_quality,9.3,ug/m3,
2026-09-08T10:20:00Z,sm-005,riverside-park,temperature,23.0,C,
2026-09-08T10:20:00Z,sm-006,riverside-park,noise,55.4,dB,
2026-09-08T10:20:00Z,sm-007,north-industrial,air_quality,38.1,ug/m3,
2026-09-08T10:20:00Z,sm-008,north-industrial,temperature,24.2,C,
2026-09-08T10:20:00Z,sm-009,north-industrial,noise,63.6,dB,stuck
2026-09-08T10:30:00Z,sm-001,metro-core,air_quality,23.3,ug/m3,
2026-09-08T10:30:00Z,sm-002,metro-core,temperature,23.5,C,
2026-09-08T10:30:00Z,sm-003,metro-core,noise,68.1,dB,
2026-09-08T10:30:00Z,sm-004,riverside-park,air_quality,10.4,ug/m3,
2026-09-08T10:30:00Z,sm-005,riverside-park,temperature,23.3,C,
2026-09-08T10:30:00Z,sm-006,riverside-park,noise,57.8,dB,
2026-09-08T10:30:00Z,sm-007,north-industrial,air_quality,36.4,ug/m3,
2026-09-08T10:30:00Z,sm-008,north-industrial,temperature,24.2,C,
2026-09-08T10:30:00Z,sm-009,north-industrial,noise,63.6,dB,stuck
2026-09-08T10:40:00Z,sm-001,metro-core,air_quality,26.0,ug/m3,
2026-09-08T10:40:00Z,sm-002,metro-core,temperature,23.8,C,
2026-09-08T10:40:00Z,sm-003,metro-core,noise,69.5,dB,
2026-09-08T10:40:00Z,sm-004,riverside-park,air_quality,9.5,ug/m3,
2026-09-08T10:40:00Z,sm-005,riverside-park,temperature,22.7,C,
2026-09-08T10:40:00Z,sm-006,riverside-park,noise,56.1,dB,
2026-09-08T10:40:00Z,sm-007,north-industrial,air_quality,31.2,ug/m3,
2026-09-08T10:40:00Z,sm-008,north-industrial,temperature,23.6,C,
2026-09-08T10:40:00Z,sm-009,north-industrial,noise,63.6,dB,stuck
2026-09-08T10:50:00Z,sm-001,metro-core,air_quality,21.2,ug/m3,
2026-09-08T10:50:00Z,sm-002,metro-core,temperature,23.9,C,
2026-09-08T10:50:00Z,sm-003,metro-core,noise,78.0,dB,passby
2026-09-08T10:50:00Z,sm-004,riverside-park,air_quality,9.0,ug/m3,
2026-09-08T10:50:00Z,sm-005,riverside-park,temperature,24.0,C,
2026-09-08T10:50:00Z,sm-006,riverside-park,noise,56.7,dB,
2026-09-08T10:50:00Z,sm-007,north-industrial,air_quality,39.3,ug/m3,
2026-09-08T10:50:00Z,sm-008,north-industrial,temperature,24.4,C,
2026-09-08T10:50:00Z,sm-009,north-industrial,noise,63.6,dB,stuck
2026-09-08T11:00:00Z,sm-001,metro-core,air_quality,23.4,ug/m3,
2026-09-08T11:00:00Z,sm-002,metro-core,temperature,24.5,C,
2026-09-08T11:00:00Z,sm-003,metro-core,noise,69.0,dB,
2026-09-08T11:00:00Z,sm-004,riverside-park,air_quality,9.1,ug/m3,
2026-09-08T11:00:00Z,sm-005,riverside-park,temperature,23.5,C,
2026-09-08T11:00:00Z,sm-006,riverside-park,noise,56.4,dB,
2026-09-08T11:00:00Z,sm-007,north-industrial,air_quality,33.9,ug/m3,
2026-09-08T11:00:00Z,sm-008,north-industrial,temperature,25.1,C,
2026-09-08T11:00:00Z,sm-009,north-industrial,noise,63.5,dB,
2026-09-08T11:10:00Z,sm-001,metro-core,air_quality,21.9,ug/m3,
2026-09-08T11:10:00Z,sm-002,metro-core,temperature,24.2,C,
2026-09-08T11:10:00Z,sm-003,metro-core,noise,69.2,dB,
2026-09-08T11:10:00Z,sm-004,riverside-park,air_quality,8.6,ug/m3,
2026-09-08T11:10:00Z,sm-005,riverside-park,temperature,23.3,C,
2026-09-08T11:10:00Z,sm-006,riverside-park,noise,57.2,dB,
2026-09-08T11:10:00Z,sm-007,north-industrial,air_quality,41.3,ug/m3,
2026-09-08T11:10:00Z,sm-008,north-industrial,temperature,24.8,C,
2026-09-08T11:10:00Z,sm-009,north-industrial,noise,65.2,dB,
2026-09-08T11:20:00Z,sm-001,metro-core,air_quality,21.7,ug/m3,
2026-09-08T11:20:00Z,sm-002,metro-core,temperature,24.2,C,
2026-09-08T11:20:00Z,sm-003,metro-core,noise,67.8,dB,
2026-09-08T11:20:00Z,sm-004,riverside-park,air_quality,8.6,ug/m3,
2026-09-08T11:20:00Z,sm-005,riverside-park,temperature,24.4,C,
2026-09-08T11:20:00Z,sm-006,riverside-park,noise,56.9,dB,
2026-09-08T11:20:00Z,sm-007,north-industrial,air_quality,32.6,ug/m3,
2026-09-08T11:20:00Z,sm-008,north-industrial,temperature,25.3,C,
2026-09-08T11:20:00Z,sm-009,north-industrial,noise,64.3,dB,
2026-09-08T11:30:00Z,sm-001,metro-core,air_quality,18.8,ug/m3,
2026-09-08T11:30:00Z,sm-002,metro-core,temperature,25.1,C,
2026-09-08T11:30:00Z,sm-003,metro-core,noise,69.3,dB,
2026-09-08T11:30:00Z,sm-004,riverside-park,air_quality,9.7,ug/m3,
2026-09-08T11:30:00Z,sm-005,riverside-park,temperature,25.1,C,
2026-09-08T11:30:00Z,sm-006,riverside-park,noise,55.8,dB,
2026-09-08T11:30:00Z,sm-007,north-industrial,air_quality,35.0,ug/m3,
2026-09-08T11:30:00Z,sm-008,north-industrial,temperature,25.9,C,
2026-09-08T11:30:00Z,sm-009,north-industrial,noise,63.0,dB,
2026-09-08T11:40:00Z,sm-001,metro-core,air_quality,22.0,ug/m3,
2026-09-08T11:40:00Z,sm-002,metro-core,temperature,24.3,C,
2026-09-08T11:40:00Z,sm-003,metro-core,noise,67.5,dB,
2026-09-08T11:40:00Z,sm-004,riverside-park,air_quality,9.3,ug/m3,
2026-09-08T11:40:00Z,sm-005,riverside-park,temperature,25.1,C,
2026-09-08T11:40:00Z,sm-006,riverside-park,noise,80.8,dB,spike
2026-09-08T11:40:00Z,sm-007,north-industrial,air_quality,36.6,ug/m3,
2026-09-08T11:40:00Z,sm-008,north-industrial,temperature,25.5,C,
2026-09-08T11:40:00Z,sm-009,north-industrial,noise,62.4,dB,
2026-09-08T11:50:00Z,sm-001,metro-core,air_quality,23.3,ug/m3,
2026-09-08T11:50:00Z,sm-002,metro-core,temperature,25.1,C,
2026-09-08T11:50:00Z,sm-003,metro-core,noise,69.1,dB,
2026-09-08T11:50:00Z,sm-004,riverside-park,air_quality,9.5,ug/m3,
2026-09-08T11:50:00Z,sm-005,riverside-park,temperature,24.5,C,
2026-09-08T11:50:00Z,sm-006,riverside-park,noise,56.6,dB,
2026-09-08T11:50:00Z,sm-007,north-industrial,air_quality,36.5,ug/m3,
2026-09-08T11:50:00Z,sm-008,north-industrial,temperature,25.6,C,
2026-09-08T11:50:00Z,sm-009,north-industrial,noise,62.9,dB,
2026-09-08T12:00:00Z,sm-001,metro-core,air_quality,23.1,ug/m3,
2026-09-08T12:00:00Z,sm-002,metro-core,temperature,25.2,C,
2026-09-08T12:00:00Z,sm-003,metro-core,noise,70.0,dB,
2026-09-08T12:00:00Z,sm-004,riverside-park,air_quality,10.3,ug/m3,
2026-09-08T12:00:00Z,sm-005,riverside-park,temperature,25.1,C,
2026-09-08T12:00:00Z,sm-006,riverside-park,noise,55.9,dB,
2026-09-08T12:00:00Z,sm-007,north-industrial,air_quality,43.9,ug/m3,
2026-09-08T12:00:00Z,sm-008,north-industrial,temperature,25.6,C,
2026-09-08T12:00:00Z,sm-009,north-industrial,noise,66.7,dB,
2026-09-08T12:10:00Z,sm-001,metro-core,air_quality,22.6,ug/m3,
2026-09-08T12:10:00Z,sm-002,metro-core,temperature,25.3,C,
2026-09-08T12:10:00Z,sm-003,metro-core,noise,68.8,dB,
2026-09-08T12:10:00Z,sm-004,riverside-park,air_quality,13.4,ug/m3,
2026-09-08T12:10:00Z,sm-005,riverside-park,temperature,26.1,C,
2026-09-08T12:10:00Z,sm-006,riverside-park,noise,55.4,dB,
2026-09-08T12:10:00Z,sm-007,north-industrial,air_quality,31.4,ug/m3,
2026-09-08T12:10:00Z,sm-008,north-industrial,temperature,26.5,C,
2026-09-08T12:10:00Z,sm-009,north-industrial,noise,84.9,dB,spike
2026-09-08T12:20:00Z,sm-001,metro-core,air_quality,24.0,ug/m3,
2026-09-08T12:20:00Z,sm-002,metro-core,temperature,26.2,C,
2026-09-08T12:20:00Z,sm-003,metro-core,noise,69.2,dB,
2026-09-08T12:20:00Z,sm-004,riverside-park,air_quality,9.2,ug/m3,
2026-09-08T12:20:00Z,sm-005,riverside-park,temperature,26.0,C,
2026-09-08T12:20:00Z,sm-006,riverside-park,noise,55.8,dB,
2026-09-08T12:20:00Z,sm-007,north-industrial,air_quality,39.8,ug/m3,
2026-09-08T12:20:00Z,sm-008,north-industrial,temperature,26.5,C,
2026-09-08T12:20:00Z,sm-009,north-industrial,noise,64.4,dB,
2026-09-08T12:30:00Z,sm-001,metro-core,air_quality,24.3,ug/m3,
2026-09-08T12:30:00Z,sm-002,metro-core,temperature,25.8,C,
2026-09-08T12:30:00Z,sm-003,metro-core,noise,71.4,dB,
2026-09-08T12:30:00Z,sm-004,riverside-park,air_quality,9.0,ug/m3,
2026-09-08T12:30:00Z,sm-005,riverside-park,temperature,25.1,C,
2026-09-08T12:30:00Z,sm-006,riverside-park,noise,58.1,dB,
2026-09-08T12:30:00Z,sm-007,north-industrial,air_quality,46.2,ug/m3,
2026-09-08T12:30:00Z,sm-008,north-industrial,temperature,26.8,C,
2026-09-08T12:30:00Z,sm-009,north-industrial,noise,63.5,dB,
2026-09-08T12:40:00Z,sm-001,metro-core,air_quality,23.2,ug/m3,
2026-09-08T12:40:00Z,sm-002,metro-core,temperature,25.8,C,
2026-09-08T12:40:00Z,sm-003,metro-core,noise,67.6,dB,
2026-09-08T12:40:00Z,sm-004,riverside-park,air_quality,10.0,ug/m3,
2026-09-08T12:40:00Z,sm-005,riverside-park,temperature,25.3,C,
2026-09-08T12:40:00Z,sm-006,riverside-park,noise,57.0,dB,
2026-09-08T12:40:00Z,sm-007,north-industrial,air_quality,30.7,ug/m3,
2026-09-08T12:40:00Z,sm-008,north-industrial,temperature,26.4,C,
2026-09-08T12:40:00Z,sm-009,north-industrial,noise,63.3,dB,
2026-09-08T12:50:00Z,sm-001,metro-core,air_quality,20.6,ug/m3,
2026-09-08T12:50:00Z,sm-002,metro-core,temperature,26.0,C,
2026-09-08T12:50:00Z,sm-003,metro-core,noise,66.9,dB,
2026-09-08T12:50:00Z,sm-004,riverside-park,air_quality,10.9,ug/m3,
2026-09-08T12:50:00Z,sm-005,riverside-park,temperature,26.5,C,
2026-09-08T12:50:00Z,sm-006,riverside-park,noise,57.1,dB,
2026-09-08T12:50:00Z,sm-007,north-industrial,air_quality,35.7,ug/m3,
2026-09-08T12:50:00Z,sm-008,north-industrial,temperature,26.6,C,
2026-09-08T12:50:00Z,sm-009,north-industrial,noise,62.5,dB,
2026-09-08T13:00:00Z,sm-001,metro-core,air_quality,24.2,ug/m3,
2026-09-08T13:00:00Z,sm-002,metro-core,temperature,27.0,C,
2026-09-08T13:00:00Z,sm-003,metro-core,noise,69.5,dB,
2026-09-08T13:00:00Z,sm-004,riverside-park,air_quality,10.1,ug/m3,
2026-09-08T13:00:00Z,sm-005,riverside-park,temperature,26.5,C,
2026-09-08T13:00:00Z,sm-006,riverside-park,noise,58.7,dB,
2026-09-08T13:00:00Z,sm-007,north-industrial,air_quality,46.7,ug/m3,
2026-09-08T13:00:00Z,sm-008,north-industrial,temperature,26.8,C,
2026-09-08T13:00:00Z,sm-009,north-industrial,noise,63.1,dB,
2026-09-08T13:10:00Z,sm-001,metro-core,air_quality,20.8,ug/m3,
2026-09-08T13:10:00Z,sm-002,metro-core,temperature,26.2,C,
2026-09-08T13:10:00Z,sm-003,metro-core,noise,69.2,dB,
2026-09-08T13:10:00Z,sm-004,riverside-park,air_quality,9.6,ug/m3,
2026-09-08T13:10:00Z,sm-005,riverside-park,temperature,26.2,C,
2026-09-08T13:10:00Z,sm-006,riverside-park,noise,57.3,dB,
2026-09-08T13:10:00Z,sm-007,north-industrial,air_quality,32.8,ug/m3,
2026-09-08T13:10:00Z,sm-008,north-industrial,temperature,26.5,C,
2026-09-08T13:10:00Z,sm-009,north-industrial,noise,61.7,dB,
2026-09-08T13:20:00Z,sm-001,metro-core,air_quality,22.0,ug/m3,
2026-09-08T13:20:00Z,sm-002,metro-core,temperature,26.8,C,
2026-09-08T13:20:00Z,sm-003,metro-core,noise,66.8,dB,
2026-09-08T13:20:00Z,sm-004,riverside-park,air_quality,10.3,ug/m3,
2026-09-08T13:20:00Z,sm-005,riverside-park,temperature,25.9,C,
2026-09-08T13:20:00Z,sm-006,riverside-park,noise,56.5,dB,
2026-09-08T13:20:00Z,sm-007,north-industrial,air_quality,36.7,ug/m3,
2026-09-08T13:20:00Z,sm-008,north-industrial,temperature,26.8,C,
2026-09-08T13:20:00Z,sm-009,north-industrial,noise,63.0,dB,
2026-09-08T13:30:00Z,sm-001,metro-core,air_quality,24.6,ug/m3,
2026-09-08T13:30:00Z,sm-002,metro-core,temperature,26.7,C,
2026-09-08T13:30:00Z,sm-003,metro-core,noise,68.9,dB,
2026-09-08T13:30:00Z,sm-004,riverside-park,air_quality,10.1,ug/m3,
2026-09-08T13:30:00Z,sm-005,riverside-park,temperature,26.5,C,
2026-09-08T13:30:00Z,sm-006,riverside-park,noise,54.9,dB,
2026-09-08T13:30:00Z,sm-007,north-industrial,air_quality,38.1,ug/m3,
2026-09-08T13:30:00Z,sm-008,north-industrial,temperature,26.9,C,
2026-09-08T13:30:00Z,sm-009,north-industrial,noise,62.4,dB,
2026-09-08T13:40:00Z,sm-001,metro-core,air_quality,25.8,ug/m3,
2026-09-08T13:40:00Z,sm-002,metro-core,temperature,26.8,C,
2026-09-08T13:40:00Z,sm-003,metro-core,noise,66.8,dB,
2026-09-08T13:40:00Z,sm-004,riverside-park,air_quality,9.2,ug/m3,
2026-09-08T13:40:00Z,sm-005,riverside-park,temperature,26.9,C,
2026-09-08T13:40:00Z,sm-006,riverside-park,noise,57.6,dB,
2026-09-08T13:40:00Z,sm-007,north-industrial,air_quality,33.8,ug/m3,
2026-09-08T13:40:00Z,sm-008,north-industrial,temperature,26.2,C,
2026-09-08T13:40:00Z,sm-009,north-industrial,noise,65.3,dB,
2026-09-08T13:50:00Z,sm-001,metro-core,air_quality,22.4,ug/m3,
2026-09-08T13:50:00Z,sm-002,metro-core,temperature,26.7,C,
2026-09-08T13:50:00Z,sm-003,metro-core,noise,66.6,dB,
2026-09-08T13:50:00Z,sm-004,riverside-park,air_quality,9.2,ug/m3,
2026-09-08T13:50:00Z,sm-005,riverside-park,temperature,26.9,C,
2026-09-08T13:50:00Z,sm-006,riverside-park,noise,57.8,dB,
2026-09-08T13:50:00Z,sm-007,north-industrial,air_quality,43.4,ug/m3,
2026-09-08T13:50:00Z,sm-008,north-industrial,temperature,27.3,C,
2026-09-08T13:50:00Z,sm-009,north-industrial,noise,62.5,dB,
2026-09-08T14:00:00Z,sm-001,metro-core,air_quality,24.0,ug/m3,
2026-09-08T14:00:00Z,sm-002,metro-core,temperature,27.1,C,
2026-09-08T14:00:00Z,sm-003,metro-core,noise,67.5,dB,
2026-09-08T14:00:00Z,sm-004,riverside-park,air_quality,9.5,ug/m3,
2026-09-08T14:00:00Z,sm-005,riverside-park,temperature,26.8,C,
2026-09-08T14:00:00Z,sm-006,riverside-park,noise,57.1,dB,
2026-09-08T14:00:00Z,sm-007,north-industrial,air_quality,36.7,ug/m3,
2026-09-08T14:00:00Z,sm-008,north-industrial,temperature,27.1,C,
2026-09-08T14:00:00Z,sm-009,north-industrial,noise,66.1,dB,
2026-09-08T14:10:00Z,sm-001,metro-core,air_quality,25.3,ug/m3,
2026-09-08T14:10:00Z,sm-002,metro-core,temperature,27.4,C,
2026-09-08T14:10:00Z,sm-003,metro-core,noise,67.5,dB,
2026-09-08T14:10:00Z,sm-004,riverside-park,air_quality,9.6,ug/m3,
2026-09-08T14:10:00Z,sm-005,riverside-park,temperature,40.3,C,spike
2026-09-08T14:10:00Z,sm-006,riverside-park,noise,54.2,dB,
2026-09-08T14:10:00Z,sm-007,north-industrial,air_quality,38.5,ug/m3,
2026-09-08T14:10:00Z,sm-008,north-industrial,temperature,27.6,C,
2026-09-08T14:10:00Z,sm-009,north-industrial,noise,65.6,dB,
2026-09-08T14:20:00Z,sm-001,metro-core,air_quality,23.1,ug/m3,
2026-09-08T14:20:00Z,sm-002,metro-core,temperature,27.2,C,
2026-09-08T14:20:00Z,sm-003,metro-core,noise,66.7,dB,
2026-09-08T14:20:00Z,sm-004,riverside-park,air_quality,7.9,ug/m3,
2026-09-08T14:20:00Z,sm-005,riverside-park,temperature,27.4,C,
2026-09-08T14:20:00Z,sm-006,riverside-park,noise,58.6,dB,
2026-09-08T14:20:00Z,sm-007,north-industrial,air_quality,38.5,ug/m3,
2026-09-08T14:20:00Z,sm-008,north-industrial,temperature,27.0,C,
2026-09-08T14:20:00Z,sm-009,north-industrial,noise,62.1,dB,
2026-09-08T14:30:00Z,sm-001,metro-core,air_quality,22.9,ug/m3,
2026-09-08T14:30:00Z,sm-002,metro-core,temperature,27.3,C,
2026-09-08T14:30:00Z,sm-003,metro-core,noise,68.1,dB,
2026-09-08T14:30:00Z,sm-004,riverside-park,air_quality,8.8,ug/m3,
2026-09-08T14:30:00Z,sm-005,riverside-park,temperature,27.1,C,
2026-09-08T14:30:00Z,sm-006,riverside-park,noise,55.8,dB,
2026-09-08T14:30:00Z,sm-007,north-industrial,air_quality,28.9,ug/m3,
2026-09-08T14:30:00Z,sm-008,north-industrial,temperature,27.4,C,
2026-09-08T14:30:00Z,sm-009,north-industrial,noise,64.2,dB,
2026-09-08T14:40:00Z,sm-001,metro-core,air_quality,21.4,ug/m3,
2026-09-08T14:40:00Z,sm-002,metro-core,temperature,27.1,C,
2026-09-08T14:40:00Z,sm-003,metro-core,noise,67.8,dB,
2026-09-08T14:40:00Z,sm-004,riverside-park,air_quality,11.4,ug/m3,
2026-09-08T14:40:00Z,sm-005,riverside-park,temperature,27.5,C,
2026-09-08T14:40:00Z,sm-006,riverside-park,noise,56.5,dB,
2026-09-08T14:40:00Z,sm-007,north-industrial,air_quality,36.1,ug/m3,
2026-09-08T14:40:00Z,sm-008,north-industrial,temperature,27.6,C,
2026-09-08T14:40:00Z,sm-009,north-industrial,noise,65.7,dB,
2026-09-08T14:50:00Z,sm-001,metro-core,air_quality,20.3,ug/m3,
2026-09-08T14:50:00Z,sm-002,metro-core,temperature,27.2,C,
2026-09-08T14:50:00Z,sm-003,metro-core,noise,67.7,dB,
2026-09-08T14:50:00Z,sm-004,riverside-park,air_quality,11.8,ug/m3,
2026-09-08T14:50:00Z,sm-005,riverside-park,temperature,27.4,C,
2026-09-08T14:50:00Z,sm-006,riverside-park,noise,57.8,dB,
2026-09-08T14:50:00Z,sm-007,north-industrial,air_quality,38.1,ug/m3,
2026-09-08T14:50:00Z,sm-008,north-industrial,temperature,27.2,C,
2026-09-08T14:50:00Z,sm-009,north-industrial,noise,65.1,dB,
2026-09-08T15:00:00Z,sm-001,metro-core,air_quality,23.8,ug/m3,
2026-09-08T15:00:00Z,sm-002,metro-core,temperature,27.8,C,
2026-09-08T15:00:00Z,sm-003,metro-core,noise,70.7,dB,
2026-09-08T15:00:00Z,sm-004,riverside-park,air_quality,9.1,ug/m3,
2026-09-08T15:00:00Z,sm-005,riverside-park,temperature,27.6,C,
2026-09-08T15:00:00Z,sm-006,riverside-park,noise,57.6,dB,
2026-09-08T15:00:00Z,sm-007,north-industrial,air_quality,36.1,ug/m3,
2026-09-08T15:00:00Z,sm-008,north-industrial,temperature,27.4,C,
2026-09-08T15:00:00Z,sm-009,north-industrial,noise,64.3,dB,
2026-09-08T15:10:00Z,sm-001,metro-core,air_quality,24.1,ug/m3,
2026-09-08T15:10:00Z,sm-002,metro-core,temperature,27.1,C,
2026-09-08T15:10:00Z,sm-003,metro-core,noise,68.7,dB,
2026-09-08T15:10:00Z,sm-004,riverside-park,air_quality,12.3,ug/m3,
2026-09-08T15:10:00Z,sm-005,riverside-park,temperature,27.3,C,
2026-09-08T15:10:00Z,sm-006,riverside-park,noise,58.2,dB,
2026-09-08T15:10:00Z,sm-007,north-industrial,air_quality,37.6,ug/m3,
2026-09-08T15:10:00Z,sm-008,north-industrial,temperature,27.0,C,
2026-09-08T15:10:00Z,sm-009,north-industrial,noise,63.8,dB,
2026-09-08T15:20:00Z,sm-001,metro-core,air_quality,24.8,ug/m3,
2026-09-08T15:20:00Z,sm-002,metro-core,temperature,27.0,C,
2026-09-08T15:20:00Z,sm-003,metro-core,noise,67.3,dB,
2026-09-08T15:20:00Z,sm-004,riverside-park,air_quality,10.6,ug/m3,
2026-09-08T15:20:00Z,sm-005,riverside-park,temperature,27.5,C,
2026-09-08T15:20:00Z,sm-006,riverside-park,noise,57.1,dB,
2026-09-08T15:20:00Z,sm-007,north-industrial,air_quality,32.8,ug/m3,
2026-09-08T15:20:00Z,sm-008,north-industrial,temperature,27.8,C,
2026-09-08T15:20:00Z,sm-009,north-industrial,noise,65.8,dB,
2026-09-08T15:30:00Z,sm-001,metro-core,air_quality,28.1,ug/m3,
2026-09-08T15:30:00Z,sm-002,metro-core,temperature,27.0,C,
2026-09-08T15:30:00Z,sm-003,metro-core,noise,69.0,dB,
2026-09-08T15:30:00Z,sm-004,riverside-park,air_quality,8.7,ug/m3,
2026-09-08T15:30:00Z,sm-005,riverside-park,temperature,27.5,C,
2026-09-08T15:30:00Z,sm-006,riverside-park,noise,57.8,dB,
2026-09-08T15:30:00Z,sm-007,north-industrial,air_quality,35.7,ug/m3,
2026-09-08T15:30:00Z,sm-008,north-industrial,temperature,27.6,C,
2026-09-08T15:30:00Z,sm-009,north-industrial,noise,63.2,dB,
2026-09-08T15:40:00Z,sm-001,metro-core,air_quality,26.4,ug/m3,
2026-09-08T15:40:00Z,sm-002,metro-core,temperature,27.2,C,
2026-09-08T15:40:00Z,sm-003,metro-core,noise,69.1,dB,
2026-09-08T15:40:00Z,sm-004,riverside-park,air_quality,12.5,ug/m3,
2026-09-08T15:40:00Z,sm-005,riverside-park,temperature,27.7,C,
2026-09-08T15:40:00Z,sm-006,riverside-park,noise,59.4,dB,
2026-09-08T15:40:00Z,sm-007,north-industrial,air_quality,40.0,ug/m3,
2026-09-08T15:40:00Z,sm-008,north-industrial,temperature,27.1,C,
2026-09-08T15:40:00Z,sm-009,north-industrial,noise,64.6,dB,
2026-09-08T15:50:00Z,sm-001,metro-core,air_quality,28.9,ug/m3,
2026-09-08T15:50:00Z,sm-002,metro-core,temperature,27.3,C,
2026-09-08T15:50:00Z,sm-003,metro-core,noise,69.1,dB,
2026-09-08T15:50:00Z,sm-004,riverside-park,air_quality,11.1,ug/m3,
2026-09-08T15:50:00Z,sm-005,riverside-park,temperature,27.0,C,
2026-09-08T15:50:00Z,sm-006,riverside-park,noise,55.9,dB,
2026-09-08T15:50:00Z,sm-007,north-industrial,air_quality,43.1,ug/m3,
2026-09-08T15:50:00Z,sm-008,north-industrial,temperature,27.2,C,
2026-09-08T15:50:00Z,sm-009,north-industrial,noise,65.3,dB,
2026-09-08T16:00:00Z,sm-001,metro-core,air_quality,26.6,ug/m3,
2026-09-08T16:00:00Z,sm-002,metro-core,temperature,27.0,C,
2026-09-08T16:00:00Z,sm-003,metro-core,noise,68.0,dB,
2026-09-08T16:00:00Z,sm-004,riverside-park,air_quality,8.9,ug/m3,
2026-09-08T16:00:00Z,sm-005,riverside-park,temperature,27.3,C,
2026-09-08T16:00:00Z,sm-006,riverside-park,noise,56.8,dB,
2026-09-08T16:00:00Z,sm-007,north-industrial,air_quality,44.8,ug/m3,
2026-09-08T16:00:00Z,sm-008,north-industrial,temperature,26.5,C,
2026-09-08T16:00:00Z,sm-009,north-industrial,noise,61.7,dB,
2026-09-08T16:10:00Z,sm-001,metro-core,air_quality,37.4,ug/m3,
2026-09-08T16:10:00Z,sm-002,metro-core,temperature,27.0,C,
2026-09-08T16:10:00Z,sm-003,metro-core,noise,68.6,dB,
2026-09-08T16:10:00Z,sm-004,riverside-park,air_quality,11.4,ug/m3,
2026-09-08T16:10:00Z,sm-005,riverside-park,temperature,27.8,C,
2026-09-08T16:10:00Z,sm-006,riverside-park,noise,69.4,dB,passby
2026-09-08T16:10:00Z,sm-007,north-industrial,air_quality,33.2,ug/m3,
2026-09-08T16:10:00Z,sm-008,north-industrial,temperature,27.2,C,
2026-09-08T16:10:00Z,sm-009,north-industrial,noise,64.5,dB,
2026-09-08T16:20:00Z,sm-001,metro-core,air_quality,36.0,ug/m3,
2026-09-08T16:20:00Z,sm-002,metro-core,temperature,26.8,C,
2026-09-08T16:20:00Z,sm-003,metro-core,noise,68.2,dB,
2026-09-08T16:20:00Z,sm-004,riverside-park,air_quality,13.3,ug/m3,
2026-09-08T16:20:00Z,sm-005,riverside-park,temperature,27.7,C,
2026-09-08T16:20:00Z,sm-006,riverside-park,noise,55.2,dB,
2026-09-08T16:20:00Z,sm-007,north-industrial,air_quality,40.8,ug/m3,
2026-09-08T16:20:00Z,sm-008,north-industrial,temperature,26.6,C,
2026-09-08T16:20:00Z,sm-009,north-industrial,noise,65.6,dB,
2026-09-08T16:30:00Z,sm-001,metro-core,air_quality,28.0,ug/m3,
2026-09-08T16:30:00Z,sm-002,metro-core,temperature,27.7,C,
2026-09-08T16:30:00Z,sm-003,metro-core,noise,66.9,dB,
2026-09-08T16:30:00Z,sm-004,riverside-park,air_quality,12.7,ug/m3,
2026-09-08T16:30:00Z,sm-005,riverside-park,temperature,38.0,C,spike
2026-09-08T16:30:00Z,sm-006,riverside-park,noise,54.9,dB,
2026-09-08T16:30:00Z,sm-007,north-industrial,air_quality,45.3,ug/m3,
2026-09-08T16:30:00Z,sm-008,north-industrial,temperature,27.1,C,
2026-09-08T16:30:00Z,sm-009,north-industrial,noise,63.6,dB,
2026-09-08T16:40:00Z,sm-001,metro-core,air_quality,33.5,ug/m3,
2026-09-08T16:40:00Z,sm-002,metro-core,temperature,27.0,C,
2026-09-08T16:40:00Z,sm-003,metro-core,noise,67.0,dB,
2026-09-08T16:40:00Z,sm-004,riverside-park,air_quality,11.0,ug/m3,
2026-09-08T16:40:00Z,sm-005,riverside-park,temperature,27.2,C,
2026-09-08T16:40:00Z,sm-006,riverside-park,noise,57.4,dB,
2026-09-08T16:40:00Z,sm-007,north-industrial,air_quality,48.6,ug/m3,
2026-09-08T16:40:00Z,sm-008,north-industrial,temperature,26.6,C,
2026-09-08T16:40:00Z,sm-009,north-industrial,noise,64.5,dB,
2026-09-08T16:50:00Z,sm-001,metro-core,air_quality,34.2,ug/m3,
2026-09-08T16:50:00Z,sm-002,metro-core,temperature,27.3,C,
2026-09-08T16:50:00Z,sm-003,metro-core,noise,68.6,dB,
2026-09-08T16:50:00Z,sm-004,riverside-park,air_quality,13.5,ug/m3,
2026-09-08T16:50:00Z,sm-005,riverside-park,temperature,27.2,C,
2026-09-08T16:50:00Z,sm-006,riverside-park,noise,58.8,dB,
2026-09-08T16:50:00Z,sm-007,north-industrial,air_quality,46.0,ug/m3,
2026-09-08T16:50:00Z,sm-008,north-industrial,temperature,26.8,C,
2026-09-08T16:50:00Z,sm-009,north-industrial,noise,65.2,dB,
2026-09-08T17:00:00Z,sm-001,metro-core,air_quality,35.7,ug/m3,
2026-09-08T17:00:00Z,sm-002,metro-core,temperature,26.3,C,
2026-09-08T17:00:00Z,sm-003,metro-core,noise,67.4,dB,
2026-09-08T17:00:00Z,sm-004,riverside-park,air_quality,12.5,ug/m3,
2026-09-08T17:00:00Z,sm-005,riverside-park,temperature,27.3,C,
2026-09-08T17:00:00Z,sm-006,riverside-park,noise,57.6,dB,
2026-09-08T17:00:00Z,sm-007,north-industrial,air_quality,41.4,ug/m3,
2026-09-08T17:00:00Z,sm-008,north-industrial,temperature,27.7,C,
2026-09-08T17:00:00Z,sm-009,north-industrial,noise,64.0,dB,
2026-09-08T17:10:00Z,sm-001,metro-core,air_quality,36.9,ug/m3,
2026-09-08T17:10:00Z,sm-002,metro-core,temperature,26.2,C,
2026-09-08T17:10:00Z,sm-003,metro-core,noise,68.3,dB,
2026-09-08T17:10:00Z,sm-004,riverside-park,air_quality,13.1,ug/m3,
2026-09-08T17:10:00Z,sm-005,riverside-park,temperature,26.2,C,
2026-09-08T17:10:00Z,sm-006,riverside-park,noise,57.2,dB,
2026-09-08T17:10:00Z,sm-007,north-industrial,air_quality,39.4,ug/m3,
2026-09-08T17:10:00Z,sm-008,north-industrial,temperature,26.4,C,
2026-09-08T17:10:00Z,sm-009,north-industrial,noise,65.8,dB,
2026-09-08T17:20:00Z,sm-001,metro-core,air_quality,35.2,ug/m3,
2026-09-08T17:20:00Z,sm-002,metro-core,temperature,26.4,C,
2026-09-08T17:20:00Z,sm-003,metro-core,noise,82.2,dB,passby
2026-09-08T17:20:00Z,sm-004,riverside-park,air_quality,14.6,ug/m3,
2026-09-08T17:20:00Z,sm-005,riverside-park,temperature,26.5,C,
2026-09-08T17:20:00Z,sm-006,riverside-park,noise,58.1,dB,
2026-09-08T17:20:00Z,sm-007,north-industrial,air_quality,49.0,ug/m3,
2026-09-08T17:20:00Z,sm-008,north-industrial,temperature,26.5,C,
2026-09-08T17:20:00Z,sm-009,north-industrial,noise,65.6,dB,
2026-09-08T17:30:00Z,sm-001,metro-core,air_quality,39.6,ug/m3,
2026-09-08T17:30:00Z,sm-002,metro-core,temperature,25.4,C,
2026-09-08T17:30:00Z,sm-003,metro-core,noise,68.1,dB,
2026-09-08T17:30:00Z,sm-004,riverside-park,air_quality,14.6,ug/m3,
2026-09-08T17:30:00Z,sm-005,riverside-park,temperature,26.5,C,
2026-09-08T17:30:00Z,sm-006,riverside-park,noise,56.7,dB,
2026-09-08T17:30:00Z,sm-007,north-industrial,air_quality,40.5,ug/m3,
2026-09-08T17:30:00Z,sm-008,north-industrial,temperature,26.4,C,
2026-09-08T17:30:00Z,sm-009,north-industrial,noise,64.8,dB,
2026-09-08T17:40:00Z,sm-001,metro-core,air_quality,30.4,ug/m3,
2026-09-08T17:40:00Z,sm-002,metro-core,temperature,26.9,C,
2026-09-08T17:40:00Z,sm-003,metro-core,noise,67.3,dB,
2026-09-08T17:40:00Z,sm-004,riverside-park,air_quality,11.0,ug/m3,
2026-09-08T17:40:00Z,sm-005,riverside-park,temperature,25.7,C,
2026-09-08T17:40:00Z,sm-006,riverside-park,noise,57.4,dB,
2026-09-08T17:40:00Z,sm-007,north-industrial,air_quality,44.7,ug/m3,
2026-09-08T17:40:00Z,sm-008,north-industrial,temperature,26.2,C,
2026-09-08T17:40:00Z,sm-009,north-industrial,noise,63.8,dB,
2026-09-08T17:50:00Z,sm-001,metro-core,air_quality,35.0,ug/m3,
2026-09-08T17:50:00Z,sm-002,metro-core,temperature,26.4,C,
2026-09-08T17:50:00Z,sm-003,metro-core,noise,67.2,dB,
2026-09-08T17:50:00Z,sm-004,riverside-park,air_quality,10.4,ug/m3,
2026-09-08T17:50:00Z,sm-005,riverside-park,temperature,25.6,C,
2026-09-08T17:50:00Z,sm-006,riverside-park,noise,57.6,dB,
2026-09-08T17:50:00Z,sm-007,north-industrial,air_quality,41.6,ug/m3,
2026-09-08T17:50:00Z,sm-008,north-industrial,temperature,25.9,C,
2026-09-08T17:50:00Z,sm-009,north-industrial,noise,62.3,dB,
2026-09-08T18:00:00Z,sm-001,metro-core,air_quality,30.5,ug/m3,
2026-09-08T18:00:00Z,sm-002,metro-core,temperature,25.2,C,
2026-09-08T18:00:00Z,sm-003,metro-core,noise,69.3,dB,
2026-09-08T18:00:00Z,sm-004,riverside-park,air_quality,10.7,ug/m3,
2026-09-08T18:00:00Z,sm-005,riverside-park,temperature,25.5,C,
2026-09-08T18:00:00Z,sm-006,riverside-park,noise,55.1,dB,
2026-09-08T18:00:00Z,sm-007,north-industrial,air_quality,37.7,ug/m3,
2026-09-08T18:00:00Z,sm-008,north-industrial,temperature,26.2,C,
2026-09-08T18:00:00Z,sm-009,north-industrial,noise,66.7,dB,
2026-09-08T18:10:00Z,sm-001,metro-core,air_quality,30.4,ug/m3,
2026-09-08T18:10:00Z,sm-002,metro-core,temperature,26.1,C,
2026-09-08T18:10:00Z,sm-003,metro-core,noise,67.3,dB,
2026-09-08T18:10:00Z,sm-004,riverside-park,air_quality,11.1,ug/m3,
2026-09-08T18:10:00Z,sm-005,riverside-park,temperature,25.0,C,
2026-09-08T18:10:00Z,sm-006,riverside-park,noise,56.8,dB,
2026-09-08T18:10:00Z,sm-007,north-industrial,air_quality,45.4,ug/m3,
2026-09-08T18:10:00Z,sm-008,north-industrial,temperature,26.1,C,
2026-09-08T18:10:00Z,sm-009,north-industrial,noise,63.3,dB,
2026-09-08T18:20:00Z,sm-001,metro-core,air_quality,27.5,ug/m3,
2026-09-08T18:20:00Z,sm-002,metro-core,temperature,25.2,C,
2026-09-08T18:20:00Z,sm-003,metro-core,noise,68.4,dB,
2026-09-08T18:20:00Z,sm-004,riverside-park,air_quality,10.8,ug/m3,
2026-09-08T18:20:00Z,sm-005,riverside-park,temperature,25.6,C,
2026-09-08T18:20:00Z,sm-006,riverside-park,noise,58.8,dB,
2026-09-08T18:20:00Z,sm-007,north-industrial,air_quality,0.0,ug/m3,flatline
2026-09-08T18:20:00Z,sm-008,north-industrial,temperature,26.3,C,
2026-09-08T18:20:00Z,sm-009,north-industrial,noise,62.8,dB,
2026-09-08T18:30:00Z,sm-001,metro-core,air_quality,33.5,ug/m3,
2026-09-08T18:30:00Z,sm-002,metro-core,temperature,25.0,C,
2026-09-08T18:30:00Z,sm-003,metro-core,noise,69.2,dB,
2026-09-08T18:30:00Z,sm-004,riverside-park,air_quality,14.1,ug/m3,
2026-09-08T18:30:00Z,sm-005,riverside-park,temperature,25.8,C,
2026-09-08T18:30:00Z,sm-006,riverside-park,noise,59.8,dB,
2026-09-08T18:30:00Z,sm-007,north-industrial,air_quality,50.6,ug/m3,
2026-09-08T18:30:00Z,sm-008,north-industrial,temperature,25.0,C,
2026-09-08T18:30:00Z,sm-009,north-industrial,noise,80.0,dB,passby
2026-09-08T18:40:00Z,sm-001,metro-core,air_quality,31.3,ug/m3,
2026-09-08T18:40:00Z,sm-002,metro-core,temperature,24.4,C,
2026-09-08T18:40:00Z,sm-003,metro-core,noise,67.2,dB,
2026-09-08T18:40:00Z,sm-004,riverside-park,air_quality,11.6,ug/m3,
2026-09-08T18:40:00Z,sm-005,riverside-park,temperature,24.5,C,
2026-09-08T18:40:00Z,sm-006,riverside-park,noise,56.5,dB,
2026-09-08T18:40:00Z,sm-007,north-industrial,air_quality,40.8,ug/m3,
2026-09-08T18:40:00Z,sm-008,north-industrial,temperature,25.5,C,
2026-09-08T18:40:00Z,sm-009,north-industrial,noise,64.7,dB,
2026-09-08T18:50:00Z,sm-001,metro-core,air_quality,35.8,ug/m3,
2026-09-08T18:50:00Z,sm-002,metro-core,temperature,24.9,C,
2026-09-08T18:50:00Z,sm-003,metro-core,noise,81.0,dB,passby
2026-09-08T18:50:00Z,sm-004,riverside-park,air_quality,10.0,ug/m3,
2026-09-08T18:50:00Z,sm-005,riverside-park,temperature,24.8,C,
2026-09-08T18:50:00Z,sm-006,riverside-park,noise,57.9,dB,
2026-09-08T18:50:00Z,sm-007,north-industrial,air_quality,46.5,ug/m3,
2026-09-08T18:50:00Z,sm-008,north-industrial,temperature,25.3,C,
2026-09-08T18:50:00Z,sm-009,north-industrial,noise,63.1,dB,
2026-09-08T19:00:00Z,sm-001,metro-core,air_quality,29.1,ug/m3,
2026-09-08T19:00:00Z,sm-002,metro-core,temperature,24.4,C,
2026-09-08T19:00:00Z,sm-003,metro-core,noise,68.7,dB,
2026-09-08T19:00:00Z,sm-004,riverside-park,air_quality,10.6,ug/m3,
2026-09-08T19:00:00Z,sm-005,riverside-park,temperature,24.3,C,
2026-09-08T19:00:00Z,sm-006,riverside-park,noise,56.0,dB,
2026-09-08T19:00:00Z,sm-007,north-industrial,air_quality,45.6,ug/m3,
2026-09-08T19:00:00Z,sm-008,north-industrial,temperature,24.9,C,
2026-09-08T19:00:00Z,sm-009,north-industrial,noise,62.7,dB,
2026-09-08T19:10:00Z,sm-001,metro-core,air_quality,31.0,ug/m3,
2026-09-08T19:10:00Z,sm-002,metro-core,temperature,23.6,C,
2026-09-08T19:10:00Z,sm-003,metro-core,noise,70.2,dB,
2026-09-08T19:10:00Z,sm-004,riverside-park,air_quality,11.3,ug/m3,
2026-09-08T19:10:00Z,sm-005,riverside-park,temperature,23.5,C,
2026-09-08T19:10:00Z,sm-006,riverside-park,noise,56.6,dB,
2026-09-08T19:10:00Z,sm-007,north-industrial,air_quality,44.7,ug/m3,
2026-09-08T19:10:00Z,sm-008,north-industrial,temperature,25.2,C,
2026-09-08T19:10:00Z,sm-009,north-industrial,noise,64.9,dB,
2026-09-08T19:20:00Z,sm-001,metro-core,air_quality,24.9,ug/m3,
2026-09-08T19:20:00Z,sm-002,metro-core,temperature,23.9,C,
2026-09-08T19:20:00Z,sm-003,metro-core,noise,66.9,dB,
2026-09-08T19:20:00Z,sm-004,riverside-park,air_quality,14.1,ug/m3,
2026-09-08T19:20:00Z,sm-005,riverside-park,temperature,24.4,C,
2026-09-08T19:20:00Z,sm-006,riverside-park,noise,58.5,dB,
2026-09-08T19:20:00Z,sm-007,north-industrial,air_quality,36.3,ug/m3,
2026-09-08T19:20:00Z,sm-008,north-industrial,temperature,24.6,C,
2026-09-08T19:20:00Z,sm-009,north-industrial,noise,71.9,dB,passby
2026-09-08T19:30:00Z,sm-001,metro-core,air_quality,25.2,ug/m3,
2026-09-08T19:30:00Z,sm-002,metro-core,temperature,24.5,C,
2026-09-08T19:30:00Z,sm-003,metro-core,noise,68.9,dB,
2026-09-08T19:30:00Z,sm-004,riverside-park,air_quality,9.8,ug/m3,
2026-09-08T19:30:00Z,sm-005,riverside-park,temperature,23.0,C,
2026-09-08T19:30:00Z,sm-006,riverside-park,noise,56.5,dB,
2026-09-08T19:30:00Z,sm-007,north-industrial,air_quality,38.0,ug/m3,
2026-09-08T19:30:00Z,sm-008,north-industrial,temperature,24.3,C,
2026-09-08T19:30:00Z,sm-009,north-industrial,noise,64.9,dB,
2026-09-08T19:40:00Z,sm-001,metro-core,air_quality,24.6,ug/m3,
2026-09-08T19:40:00Z,sm-002,metro-core,temperature,23.9,C,
2026-09-08T19:40:00Z,sm-003,metro-core,noise,68.0,dB,
2026-09-08T19:40:00Z,sm-004,riverside-park,air_quality,9.1,ug/m3,
2026-09-08T19:40:00Z,sm-005,riverside-park,temperature,23.4,C,
2026-09-08T19:40:00Z,sm-006,riverside-park,noise,58.4,dB,
2026-09-08T19:40:00Z,sm-007,north-industrial,air_quality,35.3,ug/m3,
2026-09-08T19:40:00Z,sm-008,north-industrial,temperature,24.0,C,
2026-09-08T19:40:00Z,sm-009,north-industrial,noise,62.4,dB,
2026-09-08T19:50:00Z,sm-001,metro-core,air_quality,21.7,ug/m3,
2026-09-08T19:50:00Z,sm-002,metro-core,temperature,24.0,C,
2026-09-08T19:50:00Z,sm-003,metro-core,noise,67.7,dB,
2026-09-08T19:50:00Z,sm-004,riverside-park,air_quality,10.0,ug/m3,
2026-09-08T19:50:00Z,sm-005,riverside-park,temperature,22.3,C,
2026-09-08T19:50:00Z,sm-006,riverside-park,noise,55.2,dB,
2026-09-08T19:50:00Z,sm-007,north-industrial,air_quality,35.4,ug/m3,
2026-09-08T19:50:00Z,sm-008,north-industrial,temperature,24.2,C,
2026-09-08T19:50:00Z,sm-009,north-industrial,noise,63.3,dB,
2026-09-08T20:00:00Z,sm-001,metro-core,air_quality,21.7,ug/m3,
2026-09-08T20:00:00Z,sm-002,metro-core,temperature,23.4,C,
2026-09-08T20:00:00Z,sm-003,metro-core,noise,67.4,dB,
2026-09-08T20:00:00Z,sm-004,riverside-park,air_quality,11.4,ug/m3,
2026-09-08T20:00:00Z,sm-005,riverside-park,temperature,22.6,C,
2026-09-08T20:00:00Z,sm-006,riverside-park,noise,56.5,dB,
2026-09-08T20:00:00Z,sm-007,north-industrial,air_quality,39.1,ug/m3,
2026-09-08T20:00:00Z,sm-008,north-industrial,temperature,23.3,C,
2026-09-08T20:00:00Z,sm-009,north-industrial,noise,64.2,dB,
2026-09-08T20:10:00Z,sm-001,metro-core,air_quality,18.6,ug/m3,
2026-09-08T20:10:00Z,sm-002,metro-core,temperature,22.7,C,
2026-09-08T20:10:00Z,sm-003,metro-core,noise,67.6,dB,
2026-09-08T20:10:00Z,sm-004,riverside-park,air_quality,10.5,ug/m3,
2026-09-08T20:10:00Z,sm-005,riverside-park,temperature,22.8,C,stuck
2026-09-08T20:10:00Z,sm-006,riverside-park,noise,59.4,dB,
2026-09-08T20:10:00Z,sm-007,north-industrial,air_quality,40.8,ug/m3,
2026-09-08T20:10:00Z,sm-008,north-industrial,temperature,23.8,C,
2026-09-08T20:10:00Z,sm-009,north-industrial,noise,65.6,dB,
2026-09-08T20:20:00Z,sm-001,metro-core,air_quality,21.8,ug/m3,
2026-09-08T20:20:00Z,sm-002,metro-core,temperature,22.3,C,
2026-09-08T20:20:00Z,sm-003,metro-core,noise,69.2,dB,
2026-09-08T20:20:00Z,sm-004,riverside-park,air_quality,8.9,ug/m3,
2026-09-08T20:20:00Z,sm-005,riverside-park,temperature,22.8,C,stuck
2026-09-08T20:20:00Z,sm-006,riverside-park,noise,58.3,dB,
2026-09-08T20:20:00Z,sm-007,north-industrial,air_quality,30.1,ug/m3,
2026-09-08T20:20:00Z,sm-008,north-industrial,temperature,22.7,C,
2026-09-08T20:20:00Z,sm-009,north-industrial,noise,62.5,dB,
2026-09-08T20:30:00Z,sm-001,metro-core,air_quality,20.0,ug/m3,
2026-09-08T20:30:00Z,sm-002,metro-core,temperature,22.5,C,
2026-09-08T20:30:00Z,sm-003,metro-core,noise,67.4,dB,
2026-09-08T20:30:00Z,sm-004,riverside-park,air_quality,7.9,ug/m3,
2026-09-08T20:30:00Z,sm-005,riverside-park,temperature,22.8,C,stuck
2026-09-08T20:30:00Z,sm-006,riverside-park,noise,56.0,dB,
2026-09-08T20:30:00Z,sm-007,north-industrial,air_quality,39.1,ug/m3,
2026-09-08T20:30:00Z,sm-008,north-industrial,temperature,23.1,C,
2026-09-08T20:30:00Z,sm-009,north-industrial,noise,64.8,dB,
2026-09-08T20:40:00Z,sm-001,metro-core,air_quality,20.0,ug/m3,
2026-09-08T20:40:00Z,sm-002,metro-core,temperature,21.6,C,
2026-09-08T20:40:00Z,sm-003,metro-core,noise,68.0,dB,
2026-09-08T20:40:00Z,sm-004,riverside-park,air_quality,8.6,ug/m3,
2026-09-08T20:40:00Z,sm-005,riverside-park,temperature,22.8,C,stuck
2026-09-08T20:40:00Z,sm-006,riverside-park,noise,56.2,dB,
2026-09-08T20:40:00Z,sm-007,north-industrial,air_quality,31.5,ug/m3,
2026-09-08T20:40:00Z,sm-008,north-industrial,temperature,22.5,C,
2026-09-08T20:40:00Z,sm-009,north-industrial,noise,62.4,dB,
2026-09-08T20:50:00Z,sm-001,metro-core,air_quality,21.5,ug/m3,
2026-09-08T20:50:00Z,sm-002,metro-core,temperature,21.7,C,
2026-09-08T20:50:00Z,sm-003,metro-core,noise,68.7,dB,
2026-09-08T20:50:00Z,sm-004,riverside-park,air_quality,7.9,ug/m3,
2026-09-08T20:50:00Z,sm-005,riverside-park,temperature,22.8,C,stuck
2026-09-08T20:50:00Z,sm-006,riverside-park,noise,57.9,dB,
2026-09-08T20:50:00Z,sm-007,north-industrial,air_quality,33.0,ug/m3,
2026-09-08T20:50:00Z,sm-008,north-industrial,temperature,22.4,C,
2026-09-08T20:50:00Z,sm-009,north-industrial,noise,64.4,dB,
2026-09-08T21:00:00Z,sm-001,metro-core,air_quality,18.5,ug/m3,
2026-09-08T21:00:00Z,sm-002,metro-core,temperature,22.0,C,
2026-09-08T21:00:00Z,sm-003,metro-core,noise,68.5,dB,
2026-09-08T21:00:00Z,sm-004,riverside-park,air_quality,7.7,ug/m3,
2026-09-08T21:00:00Z,sm-005,riverside-park,temperature,21.7,C,
2026-09-08T21:00:00Z,sm-006,riverside-park,noise,56.2,dB,stuck
2026-09-08T21:00:00Z,sm-007,north-industrial,air_quality,32.5,ug/m3,
2026-09-08T21:00:00Z,sm-008,north-industrial,temperature,22.0,C,
2026-09-08T21:00:00Z,sm-009,north-industrial,noise,60.9,dB,
2026-09-08T21:10:00Z,sm-001,metro-core,air_quality,17.2,ug/m3,
2026-09-08T21:10:00Z,sm-002,metro-core,temperature,22.0,C,
2026-09-08T21:10:00Z,sm-003,metro-core,noise,69.7,dB,
2026-09-08T21:10:00Z,sm-004,riverside-park,air_quality,7.5,ug/m3,
2026-09-08T21:10:00Z,sm-005,riverside-park,temperature,20.5,C,
2026-09-08T21:10:00Z,sm-006,riverside-park,noise,56.2,dB,stuck
2026-09-08T21:10:00Z,sm-007,north-industrial,air_quality,35.2,ug/m3,
2026-09-08T21:10:00Z,sm-008,north-industrial,temperature,22.2,C,
2026-09-08T21:10:00Z,sm-009,north-industrial,noise,64.3,dB,
2026-09-08T21:20:00Z,sm-001,metro-core,air_quality,19.0,ug/m3,
2026-09-08T21:20:00Z,sm-002,metro-core,temperature,20.7,C,
2026-09-08T21:20:00Z,sm-003,metro-core,noise,77.9,dB,passby
2026-09-08T21:20:00Z,sm-004,riverside-park,air_quality,7.6,ug/m3,
2026-09-08T21:20:00Z,sm-005,riverside-park,temperature,20.8,C,
2026-09-08T21:20:00Z,sm-006,riverside-park,noise,56.2,dB,stuck
2026-09-08T21:20:00Z,sm-007,north-industrial,air_quality,32.2,ug/m3,
2026-09-08T21:20:00Z,sm-008,north-industrial,temperature,21.7,C,
2026-09-08T21:20:00Z,sm-009,north-industrial,noise,61.6,dB,
2026-09-08T21:30:00Z,sm-001,metro-core,air_quality,22.0,ug/m3,
2026-09-08T21:30:00Z,sm-002,metro-core,temperature,20.8,C,
2026-09-08T21:30:00Z,sm-003,metro-core,noise,67.9,dB,
2026-09-08T21:30:00Z,sm-004,riverside-park,air_quality,7.9,ug/m3,
2026-09-08T21:30:00Z,sm-005,riverside-park,temperature,20.1,C,
2026-09-08T21:30:00Z,sm-006,riverside-park,noise,56.2,dB,stuck
2026-09-08T21:30:00Z,sm-007,north-industrial,air_quality,32.8,ug/m3,
2026-09-08T21:30:00Z,sm-008,north-industrial,temperature,21.2,C,
2026-09-08T21:30:00Z,sm-009,north-industrial,noise,62.9,dB,
2026-09-08T21:40:00Z,sm-001,metro-core,air_quality,15.3,ug/m3,
2026-09-08T21:40:00Z,sm-002,metro-core,temperature,21.0,C,
2026-09-08T21:40:00Z,sm-003,metro-core,noise,69.9,dB,
2026-09-08T21:40:00Z,sm-004,riverside-park,air_quality,7.5,ug/m3,
2026-09-08T21:40:00Z,sm-005,riverside-park,temperature,20.3,C,
2026-09-08T21:40:00Z,sm-006,riverside-park,noise,56.9,dB,
2026-09-08T21:40:00Z,sm-007,north-industrial,air_quality,33.5,ug/m3,
2026-09-08T21:40:00Z,sm-008,north-industrial,temperature,21.8,C,
2026-09-08T21:40:00Z,sm-009,north-industrial,noise,61.3,dB,
2026-09-08T21:50:00Z,sm-001,metro-core,air_quality,19.8,ug/m3,
2026-09-08T21:50:00Z,sm-002,metro-core,temperature,20.0,C,
2026-09-08T21:50:00Z,sm-003,metro-core,noise,66.1,dB,
2026-09-08T21:50:00Z,sm-004,riverside-park,air_quality,8.1,ug/m3,
2026-09-08T21:50:00Z,sm-005,riverside-park,temperature,19.5,C,
2026-09-08T21:50:00Z,sm-006,riverside-park,noise,56.2,dB,
2026-09-08T21:50:00Z,sm-007,north-industrial,air_quality,28.8,ug/m3,
2026-09-08T21:50:00Z,sm-008,north-industrial,temperature,21.7,C,
2026-09-08T21:50:00Z,sm-009,north-industrial,noise,64.3,dB,
2026-09-08T22:00:00Z,sm-001,metro-core,air_quality,17.3,ug/m3,
2026-09-08T22:00:00Z,sm-002,metro-core,temperature,20.0,C,
2026-09-08T22:00:00Z,sm-003,metro-core,noise,66.4,dB,
2026-09-08T22:00:00Z,sm-004,riverside-park,air_quality,7.9,ug/m3,
2026-09-08T22:00:00Z,sm-005,riverside-park,temperature,20.2,C,
2026-09-08T22:00:00Z,sm-006,riverside-park,noise,55.7,dB,
2026-09-08T22:00:00Z,sm-007,north-industrial,air_quality,31.5,ug/m3,
2026-09-08T22:00:00Z,sm-008,north-industrial,temperature,21.0,C,
2026-09-08T22:00:00Z,sm-009,north-industrial,noise,60.7,dB,
2026-09-08T22:10:00Z,sm-001,metro-core,air_quality,19.6,ug/m3,
2026-09-08T22:10:00Z,sm-002,metro-core,temperature,19.5,C,
2026-09-08T22:10:00Z,sm-003,metro-core,noise,65.5,dB,
2026-09-08T22:10:00Z,sm-004,riverside-park,air_quality,9.8,ug/m3,
2026-09-08T22:10:00Z,sm-005,riverside-park,temperature,19.1,C,
2026-09-08T22:10:00Z,sm-006,riverside-park,noise,69.4,dB,passby
2026-09-08T22:10:00Z,sm-007,north-industrial,air_quality,32.6,ug/m3,
2026-09-08T22:10:00Z,sm-008,north-industrial,temperature,20.3,C,
2026-09-08T22:10:00Z,sm-009,north-industrial,noise,59.9,dB,
2026-09-08T22:20:00Z,sm-001,metro-core,air_quality,17.7,ug/m3,
2026-09-08T22:20:00Z,sm-002,metro-core,temperature,19.0,C,
2026-09-08T22:20:00Z,sm-003,metro-core,noise,64.0,dB,
2026-09-08T22:20:00Z,sm-004,riverside-park,air_quality,8.4,ug/m3,
2026-09-08T22:20:00Z,sm-005,riverside-park,temperature,19.5,C,
2026-09-08T22:20:00Z,sm-006,riverside-park,noise,53.9,dB,
2026-09-08T22:20:00Z,sm-007,north-industrial,air_quality,26.5,ug/m3,
2026-09-08T22:20:00Z,sm-008,north-industrial,temperature,20.7,C,
2026-09-08T22:20:00Z,sm-009,north-industrial,noise,61.7,dB,
2026-09-08T22:30:00Z,sm-001,metro-core,air_quality,20.8,ug/m3,
2026-09-08T22:30:00Z,sm-002,metro-core,temperature,19.6,C,
2026-09-08T22:30:00Z,sm-003,metro-core,noise,63.0,dB,
2026-09-08T22:30:00Z,sm-004,riverside-park,air_quality,8.7,ug/m3,
2026-09-08T22:30:00Z,sm-005,riverside-park,temperature,18.8,C,
2026-09-08T22:30:00Z,sm-006,riverside-park,noise,51.8,dB,
2026-09-08T22:30:00Z,sm-007,north-industrial,air_quality,31.3,ug/m3,
2026-09-08T22:30:00Z,sm-008,north-industrial,temperature,20.9,C,
2026-09-08T22:30:00Z,sm-009,north-industrial,noise,59.1,dB,
2026-09-08T22:40:00Z,sm-001,metro-core,air_quality,16.9,ug/m3,
2026-09-08T22:40:00Z,sm-002,metro-core,temperature,20.0,C,
2026-09-08T22:40:00Z,sm-003,metro-core,noise,63.6,dB,
2026-09-08T22:40:00Z,sm-004,riverside-park,air_quality,9.2,ug/m3,
2026-09-08T22:40:00Z,sm-005,riverside-park,temperature,18.0,C,
2026-09-08T22:40:00Z,sm-006,riverside-park,noise,52.8,dB,
2026-09-08T22:40:00Z,sm-007,north-industrial,air_quality,34.1,ug/m3,
2026-09-08T22:40:00Z,sm-008,north-industrial,temperature,20.4,C,
2026-09-08T22:40:00Z,sm-009,north-industrial,noise,58.5,dB,
2026-09-08T22:50:00Z,sm-001,metro-core,air_quality,17.0,ug/m3,
2026-09-08T22:50:00Z,sm-002,metro-core,temperature,19.1,C,
2026-09-08T22:50:00Z,sm-003,metro-core,noise,62.9,dB,
2026-09-08T22:50:00Z,sm-004,riverside-park,air_quality,7.8,ug/m3,
2026-09-08T22:50:00Z,sm-005,riverside-park,temperature,17.1,C,
2026-09-08T22:50:00Z,sm-006,riverside-park,noise,52.6,dB,
2026-09-08T22:50:00Z,sm-007,north-industrial,air_quality,28.2,ug/m3,
2026-09-08T22:50:00Z,sm-008,north-industrial,temperature,20.2,C,
2026-09-08T22:50:00Z,sm-009,north-industrial,noise,59.9,dB,
2026-09-08T23:00:00Z,sm-001,metro-core,air_quality,15.0,ug/m3,
2026-09-08T23:00:00Z,sm-002,metro-core,temperature,17.9,C,
2026-09-08T23:00:00Z,sm-003,metro-core,noise,59.0,dB,
2026-09-08T23:00:00Z,sm-004,riverside-park,air_quality,7.7,ug/m3,
2026-09-08T23:00:00Z,sm-005,riverside-park,temperature,17.8,C,
2026-09-08T23:00:00Z,sm-006,riverside-park,noise,52.0,dB,
2026-09-08T23:00:00Z,sm-007,north-industrial,air_quality,120.4,ug/m3,spike
2026-09-08T23:00:00Z,sm-008,north-industrial,temperature,20.0,C,
2026-09-08T23:00:00Z,sm-009,north-industrial,noise,55.8,dB,
2026-09-08T23:10:00Z,sm-001,metro-core,air_quality,19.9,ug/m3,
2026-09-08T23:10:00Z,sm-002,metro-core,temperature,18.5,C,
2026-09-08T23:10:00Z,sm-003,metro-core,noise,59.3,dB,
2026-09-08T23:10:00Z,sm-004,riverside-park,air_quality,8.0,ug/m3,
2026-09-08T23:10:00Z,sm-005,riverside-park,temperature,17.2,C,
2026-09-08T23:10:00Z,sm-006,riverside-park,noise,50.5,dB,
2026-09-08T23:10:00Z,sm-007,north-industrial,air_quality,26.4,ug/m3,
2026-09-08T23:10:00Z,sm-008,north-industrial,temperature,19.7,C,
2026-09-08T23:10:00Z,sm-009,north-industrial,noise,55.1,dB,
2026-09-08T23:20:00Z,sm-001,metro-core,air_quality,16.7,ug/m3,
2026-09-08T23:20:00Z,sm-002,metro-core,temperature,19.1,C,
2026-09-08T23:20:00Z,sm-003,metro-core,noise,56.7,dB,
2026-09-08T23:20:00Z,sm-004,riverside-park,air_quality,8.0,ug/m3,
2026-09-08T23:20:00Z,sm-005,riverside-park,temperature,17.1,C,
2026-09-08T23:20:00Z,sm-006,riverside-park,noise,49.9,dB,
2026-09-08T23:20:00Z,sm-007,north-industrial,air_quality,33.6,ug/m3,
2026-09-08T23:20:00Z,sm-008,north-industrial,temperature,19.3,C,
2026-09-08T23:20:00Z,sm-009,north-industrial,noise,53.1,dB,
2026-09-08T23:30:00Z,sm-001,metro-core,air_quality,15.5,ug/m3,
2026-09-08T23:30:00Z,sm-002,metro-core,temperature,18.6,C,
2026-09-08T23:30:00Z,sm-003,metro-core,noise,55.9,dB,
2026-09-08T23:30:00Z,sm-004,riverside-park,air_quality,8.1,ug/m3,
2026-09-08T23:30:00Z,sm-005,riverside-park,temperature,17.9,C,
2026-09-08T23:30:00Z,sm-006,riverside-park,noise,48.3,dB,
2026-09-08T23:30:00Z,sm-007,north-industrial,air_quality,27.0,ug/m3,
2026-09-08T23:30:00Z,sm-008,north-industrial,temperature,18.9,C,
2026-09-08T23:30:00Z,sm-009,north-industrial,noise,51.7,dB,
2026-09-08T23:40:00Z,sm-001,metro-core,air_quality,15.4,ug/m3,
2026-09-08T23:40:00Z,sm-002,metro-core,temperature,18.2,C,
2026-09-08T23:40:00Z,sm-003,metro-core,noise,53.4,dB,
2026-09-08T23:40:00Z,sm-004,riverside-park,air_quality,8.6,ug/m3,
2026-09-08T23:40:00Z,sm-005,riverside-park,temperature,17.4,C,
2026-09-08T23:40:00Z,sm-006,riverside-park,noise,49.6,dB,
2026-09-08T23:40:00Z,sm-007,north-industrial,air_quality,29.9,ug/m3,
2026-09-08T23:40:00Z,sm-008,north-industrial,temperature,19.2,C,
2026-09-08T23:40:00Z,sm-009,north-industrial,noise,51.4,dB,
2026-09-08T23:50:00Z,sm-001,metro-core,air_quality,15.4,ug/m3,
2026-09-08T23:50:00Z,sm-002,metro-core,temperature,18.1,C,
2026-09-08T23:50:00Z,sm-003,metro-core,noise,53.7,dB,
2026-09-08T23:50:00Z,sm-004,riverside-park,air_quality,8.3,ug/m3,
2026-09-08T23:50:00Z,sm-005,riverside-park,temperature,17.0,C,
2026-09-08T23:50:00Z,sm-006,riverside-park,noise,60.5,dB,passby
2026-09-08T23:50:00Z,sm-007,north-industrial,air_quality,28.1,ug/m3,
2026-09-08T23:50:00Z,sm-008,north-industrial,temperature,19.0,C,
2026-09-08T23:50:00Z,sm-009,north-industrial,noise,59.2,dB,passby
